case,model,state,target,target_family,posthoc_identity,observed_family,same_family,own_object_match,assisted_fallback,baseline_answer,baseline_response_file,baseline_p_A,baseline_p_A_lower,baseline_p_A_upper,baseline_p_C,baseline_p_C_lower,baseline_p_C_upper,ablation_answer,ablation_response_file,ablation_p_A,ablation_p_A_lower,ablation_p_A_upper,ablation_p_C,ablation_p_C_lower,ablation_p_C_upper,p_A_change_lower,p_A_change_upper
Waterproof <- DSUB,qwen3.5:4b,original,Waterproof_Male,Waterproof_Male,DSUB_Male,DSUB_Male,False,False,False,A,../vlm_four_scene_20260925/raw/qwen3.5-4b/original/Waterproof_Male/DSUB_Male.json,0.7652422212317157,0.7652422212317157,0.7652422212317157,0.124803994233674,0.124803994233674,0.124803994233674,A,qwen3.5-4b/responses/original/Waterproof_Male/DSUB_Male.json,0.8530514788479018,0.8530514788479018,0.8530514788479018,0.07108623708049751,0.07108623708049751,0.07108623708049751,0.08780925761618608,0.08780925761618608
Waterproof <- DSUB,qwen3.5:4b,state_101,Waterproof_Male,Waterproof_Male,DSUB_Male,DSUB_Male,False,False,False,A,../vlm_four_scene_20260925/raw/qwen3.5-4b/state_101/Waterproof_Male/DSUB_Male.json,0.7316230640955116,0.7316230640955116,0.7316230640955116,0.11419946960907298,0.11419946960907298,0.11419946960907298,A,qwen3.5-4b/responses/state_101/Waterproof_Male/DSUB_Male.json,0.5952584084071832,0.5952584084071832,0.5952584084071832,0.19208460094439772,0.19208460094439772,0.19208460094439772,-0.13636465568832834,-0.13636465568832834
Waterproof <- DSUB,qwen3.5:4b,state_202,Waterproof_Male,Waterproof_Male,DSUB_Male,DSUB_Male,False,False,False,A,../vlm_four_scene_20260925/raw/qwen3.5-4b/state_202/Waterproof_Male/DSUB_Male.json,0.826397303048004,0.826397303048004,0.826397303048004,0.06367401488332662,0.06367401488332662,0.06367401488332662,A,qwen3.5-4b/responses/state_202/Waterproof_Male/DSUB_Male.json,0.8989899178055725,0.8989899178055725,0.8989899178055725,0.04136398534120022,0.04136398534120022,0.04136398534120022,0.07259261475756851,0.07259261475756851
Waterproof <- DSUB,qwen3.5:4b,state_303,Waterproof_Male,Waterproof_Male,DSUB_Male,DSUB_Male,False,False,False,A,../vlm_four_scene_20260925/raw/qwen3.5-4b/state_303/Waterproof_Male/DSUB_Male.json,0.8831476579092841,0.8831476579092841,0.8831476579092841,0.05160606387217458,0.05160606387217458,0.05160606387217458,A,qwen3.5-4b/responses/state_303/Waterproof_Male/DSUB_Male.json,0.889072777923128,0.889072777923128,0.889072777923128,0.049129216887478566,0.049129216887478566,0.049129216887478566,0.005925120013843932,0.005925120013843932
Waterproof <- DSUB,qwen3.5:9b,original,Waterproof_Male,Waterproof_Male,DSUB_Male,DSUB_Male,False,False,False,A,../vlm_four_scene_20260925/raw/qwen3.5-9b/original/Waterproof_Male/DSUB_Male.json,0.9868854282735027,0.9868854282735027,0.9868854282735027,0.00938460702420268,0.00938460702420268,0.00938460702420268,A,qwen3.5-9b/responses/original/Waterproof_Male/DSUB_Male.json,0.9339820176644191,0.9339820176644191,0.9339820176644191,0.030012325063943652,0.030012325063943652,0.030012325063943652,-0.052903410609083545,-0.052903410609083545
Waterproof <- DSUB,qwen3.5:9b,state_101,Waterproof_Male,Waterproof_Male,DSUB_Male,DSUB_Male,False,False,False,A,../vlm_four_scene_20260925/raw/qwen3.5-9b/state_101/Waterproof_Male/DSUB_Male.json,0.9784728283900588,0.9784728283900588,0.9784728283900588,0.01623986162860237,0.01623986162860237,0.01623986162860237,B,qwen3.5-9b/responses/state_101/Waterproof_Male/DSUB_Male.json,0.020769816726140984,0.020769816726140984,0.020769816726140984,0.05790930544325697,0.05790930544325697,0.05790930544325697,-0.9577030116639178,-0.9577030116639178
Waterproof <- DSUB,qwen3.5:9b,state_202,Waterproof_Male,Waterproof_Male,DSUB_Male,DSUB_Male,False,False,False,A,../vlm_four_scene_20260925/raw/qwen3.5-9b/state_202/Waterproof_Male/DSUB_Male.json,0.9859501722088905,0.9859501722088905,0.9859501722088905,0.011560361668378457,0.011560361668378457,0.011560361668378457,A,qwen3.5-9b/responses/state_202/Waterproof_Male/DSUB_Male.json,0.9988397955685835,0.9988397955685835,0.9988397955685835,0.0009017091429573679,0.0009017091429573679,0.0009017091429573679,0.012889623359693014,0.012889623359693014
Waterproof <- DSUB,qwen3.5:9b,state_303,Waterproof_Male,Waterproof_Male,DSUB_Male,DSUB_Male,False,False,False,A,../vlm_four_scene_20260925/raw/qwen3.5-9b/state_303/Waterproof_Male/DSUB_Male.json,0.9892656799175347,0.9892656799175347,0.9892656799175347,0.008863247920827162,0.008863247920827162,0.008863247920827162,A,qwen3.5-9b/responses/state_303/Waterproof_Male/DSUB_Male.json,0.9960899951072237,0.9960899951072237,0.9960899951072237,0.003085751408128097,0.003085751408128097,0.003085751408128097,0.0068243151896890675,0.0068243151896890675
Waterproof <- DSUB,gemma4:12b,original,Waterproof_Male,Waterproof_Male,DSUB_Male,DSUB_Male,False,False,False,A,../vlm_four_scene_20260925/raw/gemma4-12b/original/Waterproof_Male/DSUB_Male.json,0.9999938011170572,0.9999938011170572,0.9999938011170572,1.4742691229348902e-08,1.4742691229348902e-08,1.4742691229348902e-08,A,gemma4-12b/responses/original/Waterproof_Male/DSUB_Male.json,0.9999954700467981,0.9999954700467981,0.9999954700467981,1.95778781798367e-07,1.95778781798367e-07,1.95778781798367e-07,1.6689297409611115e-06,1.6689297409611115e-06
Waterproof <- DSUB,gemma4:12b,state_101,Waterproof_Male,Waterproof_Male,DSUB_Male,DSUB_Male,False,False,False,A,../vlm_four_scene_20260925/raw/gemma4-12b/state_101/Waterproof_Male/DSUB_Male.json,0.9999897480009,0.9999897480009,0.9999897480009,2.3557495364946848e-08,2.3557495364946848e-08,2.3557495364946848e-08,A,gemma4-12b/responses/state_101/Waterproof_Male/DSUB_Male.json,0.9050822225074083,0.9050822225074083,0.9050822225074083,0.021258612822502396,0.021258612822502396,0.021258612822502396,-0.09490752549349168,-0.09490752549349168
Waterproof <- DSUB,gemma4:12b,state_202,Waterproof_Male,Waterproof_Male,DSUB_Male,DSUB_Male,False,False,False,A,../vlm_four_scene_20260925/raw/gemma4-12b/state_202/Waterproof_Male/DSUB_Male.json,0.9999970197676546,0.9999970197676546,0.9999970197676546,1.1309781285789626e-08,1.1309781285789626e-08,1.1309781285789626e-08,A,gemma4-12b/responses/state_202/Waterproof_Male/DSUB_Male.json,0.999996304512031,0.999996304512031,0.999996304512031,1.364788087913536e-07,1.364788087913536e-07,1.364788087913536e-07,-7.152556236178498e-07,-7.152556236178498e-07
Waterproof <- DSUB,gemma4:12b,state_303,Waterproof_Male,Waterproof_Male,DSUB_Male,DSUB_Male,False,False,False,A,../vlm_four_scene_20260925/raw/gemma4-12b/state_303/Waterproof_Male/DSUB_Male.json,0.9999980926513672,0.9999980926513672,0.9999980926513672,1.0351453254637849e-08,1.0351453254637849e-08,1.0351453254637849e-08,A,gemma4-12b/responses/state_303/Waterproof_Male/DSUB_Male.json,0.9999930858610072,0.9999930858610072,0.9999930858610072,1.265755768274592e-07,1.265755768274592e-07,1.265755768274592e-07,-5.006790359973756e-06,-5.006790359973756e-06
DSUB <- USB,qwen3.5:4b,original,DSUB_Male,DSUB_Male,USB_Male,USB_Male,False,False,False,A,../vlm_four_scene_20260925/raw/qwen3.5-4b/original/DSUB_Male/USB_Male.json,0.6951338732400051,0.6951338732400051,0.6951338732400051,0.14270886294415996,0.14270886294415996,0.14270886294415996,A,qwen3.5-4b/responses/original/DSUB_Male/USB_Male.json,0.7526491814313091,0.7526491814313091,0.7526491814313091,0.08594043428952203,0.08594043428952203,0.08594043428952203,0.057515308191304015,0.057515308191304015
DSUB <- USB,qwen3.5:4b,state_101,DSUB_Male,DSUB_Male,USB_Male,USB_Male,False,False,True,A,../vlm_four_scene_20260925/raw/qwen3.5-4b/state_101/DSUB_Male/USB_Male.json,0.7925171886722632,0.7925171886722632,0.7925171886722632,0.0946999924090709,0.0946999924090709,0.0946999924090709,A,qwen3.5-4b/responses/state_101/DSUB_Male/USB_Male.json,0.7592350830940751,0.7592350830940751,0.7592350830940751,0.0820814172842884,0.0820814172842884,0.0820814172842884,-0.033282105578188115,-0.033282105578188115
DSUB <- USB,qwen3.5:4b,state_202,DSUB_Male,DSUB_Male,USB_Male,USB_Male,False,False,False,A,../vlm_four_scene_20260925/raw/qwen3.5-4b/state_202/DSUB_Male/USB_Male.json,0.6141752073350786,0.6141752073350786,0.6141752073350786,0.14704457800689882,0.14704457800689882,0.14704457800689882,A,qwen3.5-4b/responses/state_202/DSUB_Male/USB_Male.json,0.7537263107066036,0.7537263107066036,0.7537263107066036,0.0649026633015583,0.0649026633015583,0.0649026633015583,0.139551103371525,0.139551103371525
DSUB <- USB,qwen3.5:4b,state_303,DSUB_Male,DSUB_Male,USB_Male,USB_Male,False,False,True,A,../vlm_four_scene_20260925/raw/qwen3.5-4b/state_303/DSUB_Male/USB_Male.json,0.7905933274678498,0.7905933274678498,0.7905933274678498,0.09691259868090042,0.09691259868090042,0.09691259868090042,A,qwen3.5-4b/responses/state_303/DSUB_Male/USB_Male.json,0.7657333005912547,0.7657333005912547,0.7657333005912547,0.0882241270953795,0.0882241270953795,0.0882241270953795,-0.024860026876595165,-0.024860026876595165
DSUB <- USB,qwen3.5:9b,original,DSUB_Male,DSUB_Male,USB_Male,USB_Male,False,False,False,A,../vlm_four_scene_20260925/raw/qwen3.5-9b/original/DSUB_Male/USB_Male.json,0.9787433737781875,0.9787433737781875,0.9787433737781875,0.012032538666878633,0.012032538666878633,0.012032538666878633,A,qwen3.5-9b/responses/original/DSUB_Male/USB_Male.json,0.7301738331964931,0.7301738331964931,0.7301738331964931,0.11344881391649521,0.11344881391649521,0.11344881391649521,-0.24856954058169445,-0.24856954058169445
DSUB <- USB,qwen3.5:9b,state_101,DSUB_Male,DSUB_Male,USB_Male,USB_Male,False,False,True,A,../vlm_four_scene_20260925/raw/qwen3.5-9b/state_101/DSUB_Male/USB_Male.json,0.9800379267304664,0.9800379267304664,0.9800379267304664,0.013940721568846844,0.013940721568846844,0.013940721568846844,A,qwen3.5-9b/responses/state_101/DSUB_Male/USB_Male.json,0.8226667640498193,0.8226667640498193,0.8226667640498193,0.0694632048210105,0.0694632048210105,0.0694632048210105,-0.1573711626806471,-0.1573711626806471
DSUB <- USB,qwen3.5:9b,state_202,DSUB_Male,DSUB_Male,USB_Male,USB_Male,False,False,False,A,../vlm_four_scene_20260925/raw/qwen3.5-9b/state_202/DSUB_Male/USB_Male.json,0.9729553453292275,0.9729553453292275,0.9729553453292275,0.015082522806118819,0.015082522806118819,0.015082522806118819,A,qwen3.5-9b/responses/state_202/DSUB_Male/USB_Male.json,0.8111661072462046,0.8111661072462046,0.8111661072462046,0.08343217469904189,0.08343217469904189,0.08343217469904189,-0.1617892380830228,-0.1617892380830228
DSUB <- USB,qwen3.5:9b,state_303,DSUB_Male,DSUB_Male,USB_Male,USB_Male,False,False,True,A,../vlm_four_scene_20260925/raw/qwen3.5-9b/state_303/DSUB_Male/USB_Male.json,0.9718077770591151,0.9718077770591151,0.9718077770591151,0.02097547584727315,0.02097547584727315,0.02097547584727315,A,qwen3.5-9b/responses/state_303/DSUB_Male/USB_Male.json,0.8637992206522298,0.8637992206522298,0.8637992206522298,0.07391971795568501,0.07391971795568501,0.07391971795568501,-0.10800855640688534,-0.10800855640688534
DSUB <- USB,gemma4:12b,original,DSUB_Male,DSUB_Male,USB_Male,USB_Male,False,False,False,A,../vlm_four_scene_20260925/raw/gemma4-12b/original/DSUB_Male/USB_Male.json,0.766607761218001,0.766607761218001,0.766607761218001,2.4526964097922018e-06,2.4526964097922018e-06,2.4526964097922018e-06,A,gemma4-12b/responses/original/DSUB_Male/USB_Male.json,0.9999655485157953,0.9999655485157953,0.9999655485157953,3.7716679007201362e-06,3.7716679007201362e-06,3.7716679007201362e-06,0.23335778729779433,0.23335778729779433
DSUB <- USB,gemma4:12b,state_101,DSUB_Male,DSUB_Male,USB_Male,USB_Male,False,False,True,B,../vlm_four_scene_20260925/raw/gemma4-12b/state_101/DSUB_Male/USB_Male.json,0.010739453029638676,0.010739453029638676,0.010739453029638676,7.916363105823547e-05,7.916363105823547e-05,7.916363105823547e-05,A,gemma4-12b/responses/state_101/DSUB_Male/USB_Male.json,0.9999918937684245,0.9999918937684245,0.9999918937684245,5.509403928659281e-07,5.509403928659281e-07,5.509403928659281e-07,0.9892524407387858,0.9892524407387858
DSUB <- USB,gemma4:12b,state_202,DSUB_Male,DSUB_Male,USB_Male,USB_Male,False,False,False,A,../vlm_four_scene_20260925/raw/gemma4-12b/state_202/DSUB_Male/USB_Male.json,0.999241471282173,0.999241471282173,0.999241471282173,1.0332699148352543e-07,1.0332699148352543e-07,1.0332699148352543e-07,A,gemma4-12b/responses/state_202/DSUB_Male/USB_Male.json,0.99995839595758,0.99995839595758,0.99995839595758,6.986062428836468e-06,6.986062428836468e-06,6.986062428836468e-06,0.0007169246754069603,0.0007169246754069603
DSUB <- USB,gemma4:12b,state_303,DSUB_Male,DSUB_Male,USB_Male,USB_Male,False,False,True,B,../vlm_four_scene_20260925/raw/gemma4-12b/state_303/DSUB_Male/USB_Male.json,0.0018958665154843741,0.0018958665154843741,0.0018958665154843741,6.942119480094367e-05,6.942119480094367e-05,6.942119480094367e-05,A,gemma4-12b/responses/state_303/DSUB_Male/USB_Male.json,0.9999864101405658,0.9999864101405658,0.9999864101405658,1.1546262537299908e-06,1.1546262537299908e-06,1.1546262537299908e-06,0.9980905436250814,0.9980905436250814
Gear <- hex nut,qwen3.5:4b,original,Gear_Large,gear,M12_Hex_Nut,hex_nut,False,False,False,A,../vlm_four_scene_20260925/raw/qwen3.5-4b/original/Gear_Large/M12_Hex_Nut.json,0.5587233286099362,0.5587233286099362,0.5587233286099362,0.3643985184750792,0.3643985184750792,0.3643985184750792,A,qwen3.5-4b/responses/original/Gear_Large/M12_Hex_Nut.json,0.7328685028212598,0.7328685028212598,0.7328685028212598,0.169998304587755,0.169998304587755,0.169998304587755,0.17414517421132358,0.17414517421132358
Gear <- hex nut,qwen3.5:4b,original,Gear_Medium,gear,M12_Hex_Nut,hex_nut,False,False,False,C,../vlm_four_scene_20260925/raw/qwen3.5-4b/original/Gear_Medium/M12_Hex_Nut.json,0.44042806117806327,0.44042806117806327,0.44042806117806327,0.4955267141340026,0.4955267141340026,0.4955267141340026,A,qwen3.5-4b/responses/original/Gear_Medium/M12_Hex_Nut.json,0.7328685028212598,0.7328685028212598,0.7328685028212598,0.169998304587755,0.169998304587755,0.169998304587755,0.29244044164319655,0.29244044164319655
Gear <- hex nut,qwen3.5:4b,original,Gear_Small,gear,M12_Hex_Nut,hex_nut,False,False,False,A,../vlm_four_scene_20260925/raw/qwen3.5-4b/original/Gear_Small/M12_Hex_Nut.json,0.5019451856974617,0.5019451856974617,0.5019451856974617,0.4225754817116553,0.4225754817116553,0.4225754817116553,A,qwen3.5-4b/responses/original/Gear_Small/M12_Hex_Nut.json,0.7328685028212598,0.7328685028212598,0.7328685028212598,0.169998304587755,0.169998304587755,0.169998304587755,0.2309233171237981,0.2309233171237981
Gear <- hex nut,qwen3.5:4b,original,Gear_Large,gear,M16_Hex_Nut,hex_nut,False,False,False,C,../vlm_four_scene_20260925/raw/qwen3.5-4b/original/Gear_Large/M16_Hex_Nut.json,0.327529991319933,0.327529991319933,0.327529991319933,0.6107219373437062,0.6107219373437062,0.6107219373437062,A,qwen3.5-4b/responses/original/Gear_Large/M16_Hex_Nut.json,0.45473504881028454,0.45473504881028454,0.45473504881028454,0.4182963595522384,0.4182963595522384,0.4182963595522384,0.12720505749035155,0.12720505749035155
Gear <- hex nut,qwen3.5:4b,original,Gear_Medium,gear,M16_Hex_Nut,hex_nut,False,False,False,C,../vlm_four_scene_20260925/raw/qwen3.5-4b/original/Gear_Medium/M16_Hex_Nut.json,0.32121532015737514,0.32121532015737514,0.32121532015737514,0.6239731824232795,0.6239731824232795,0.6239731824232795,A,qwen3.5-4b/responses/original/Gear_Medium/M16_Hex_Nut.json,0.45473504881028454,0.45473504881028454,0.45473504881028454,0.4182963595522384,0.4182963595522384,0.4182963595522384,0.1335197286529094,0.1335197286529094
Gear <- hex nut,qwen3.5:4b,original,Gear_Small,gear,M16_Hex_Nut,hex_nut,False,False,False,C,../vlm_four_scene_20260925/raw/qwen3.5-4b/original/Gear_Small/M16_Hex_Nut.json,0.3198986802673168,0.3198986802673168,0.3198986802673168,0.6223562334355768,0.6223562334355768,0.6223562334355768,A,qwen3.5-4b/responses/original/Gear_Small/M16_Hex_Nut.json,0.45473504881028454,0.45473504881028454,0.45473504881028454,0.4182963595522384,0.4182963595522384,0.4182963595522384,0.1348363685429677,0.1348363685429677
Gear <- hex nut,qwen3.5:4b,state_101,Gear_Large,gear,M12_Hex_Nut,hex_nut,False,False,False,C,../vlm_four_scene_20260925/raw/qwen3.5-4b/state_101/Gear_Large/M12_Hex_Nut.json,0.38733155232309363,0.38733155232309363,0.38733155232309363,0.5080512155592125,0.5080512155592125,0.5080512155592125,A,qwen3.5-4b/responses/state_101/Gear_Large/M12_Hex_Nut.json,0.43072776810276797,0.43072776810276797,0.43072776810276797,0.3628454802131459,0.3628454802131459,0.3628454802131459,0.04339621577967434,0.04339621577967434
Gear <- hex nut,qwen3.5:4b,state_101,Gear_Medium,gear,M12_Hex_Nut,hex_nut,False,False,False,C,../vlm_four_scene_20260925/raw/qwen3.5-4b/state_101/Gear_Medium/M12_Hex_Nut.json,0.275610373906604,0.275610373906604,0.275610373906604,0.6601568381001396,0.6601568381001396,0.6601568381001396,A,qwen3.5-4b/responses/state_101/Gear_Medium/M12_Hex_Nut.json,0.43072776810276797,0.43072776810276797,0.43072776810276797,0.3628454802131459,0.3628454802131459,0.3628454802131459,0.155117394196164,0.155117394196164
Gear <- hex nut,qwen3.5:4b,state_101,Gear_Small,gear,M12_Hex_Nut,hex_nut,False,False,False,C,../vlm_four_scene_20260925/raw/qwen3.5-4b/state_101/Gear_Small/M12_Hex_Nut.json,0.3889988548256258,0.3889988548256258,0.3889988548256258,0.5190448738574418,0.5190448738574418,0.5190448738574418,A,qwen3.5-4b/responses/state_101/Gear_Small/M12_Hex_Nut.json,0.43072776810276797,0.43072776810276797,0.43072776810276797,0.3628454802131459,0.3628454802131459,0.3628454802131459,0.04172891327714218,0.04172891327714218
Gear <- hex nut,qwen3.5:4b,state_101,Gear_Large,gear,M16_Hex_Nut,hex_nut,False,False,False,A,../vlm_four_scene_20260925/raw/qwen3.5-4b/state_101/Gear_Large/M16_Hex_Nut.json,0.5468911492711814,0.5468911492711814,0.5468911492711814,0.3850194618391135,0.3850194618391135,0.3850194618391135,A,qwen3.5-4b/responses/state_101/Gear_Large/M16_Hex_Nut.json,0.8649626961684397,0.8649626961684397,0.8649626961684397,0.09059593194175225,0.09059593194175225,0.09059593194175225,0.31807154689725825,0.31807154689725825
Gear <- hex nut,qwen3.5:4b,state_101,Gear_Medium,gear,M16_Hex_Nut,hex_nut,False,False,False,A,../vlm_four_scene_20260925/raw/qwen3.5-4b/state_101/Gear_Medium/M16_Hex_Nut.json,0.4799308651456833,0.4799308651456833,0.4799308651456833,0.4691854094365391,0.4691854094365391,0.4691854094365391,A,qwen3.5-4b/responses/state_101/Gear_Medium/M16_Hex_Nut.json,0.8649626961684397,0.8649626961684397,0.8649626961684397,0.09059593194175225,0.09059593194175225,0.09059593194175225,0.3850318310227564,0.3850318310227564
Gear <- hex nut,qwen3.5:4b,state_101,Gear_Small,gear,M16_Hex_Nut,hex_nut,False,False,False,A,../vlm_four_scene_20260925/raw/qwen3.5-4b/state_101/Gear_Small/M16_Hex_Nut.json,0.5769595356401199,0.5769595356401199,0.5769595356401199,0.34548888585883286,0.34548888585883286,0.34548888585883286,A,qwen3.5-4b/responses/state_101/Gear_Small/M16_Hex_Nut.json,0.8649626961684397,0.8649626961684397,0.8649626961684397,0.09059593194175225,0.09059593194175225,0.09059593194175225,0.28800316052831976,0.28800316052831976
Gear <- hex nut,qwen3.5:4b,state_202,Gear_Large,gear,M12_Hex_Nut,hex_nut,False,False,False,A,../vlm_four_scene_20260925/raw/qwen3.5-4b/state_202/Gear_Large/M12_Hex_Nut.json,0.6411496412026078,0.6411496412026078,0.6411496412026078,0.2922452926358109,0.2922452926358109,0.2922452926358109,A,qwen3.5-4b/responses/state_202/Gear_Large/M12_Hex_Nut.json,0.6911659751390938,0.6911659751390938,0.6911659751390938,0.16196861881533942,0.16196861881533942,0.16196861881533942,0.05001633393648608,0.05001633393648608
Gear <- hex nut,qwen3.5:4b,state_202,Gear_Medium,gear,M12_Hex_Nut,hex_nut,False,False,False,A,../vlm_four_scene_20260925/raw/qwen3.5-4b/state_202/Gear_Medium/M12_Hex_Nut.json,0.6523000693260603,0.6523000693260603,0.6523000693260603,0.2662938061079037,0.2662938061079037,0.2662938061079037,A,qwen3.5-4b/responses/state_202/Gear_Medium/M12_Hex_Nut.json,0.6911659751390938,0.6911659751390938,0.6911659751390938,0.16196861881533942,0.16196861881533942,0.16196861881533942,0.03886590581303351,0.03886590581303351
Gear <- hex nut,qwen3.5:4b,state_202,Gear_Small,gear,M12_Hex_Nut,hex_nut,False,False,False,A,../vlm_four_scene_20260925/raw/qwen3.5-4b/state_202/Gear_Small/M12_Hex_Nut.json,0.6611332230303729,0.6611332230303729,0.6611332230303729,0.2540591016304288,0.2540591016304288,0.2540591016304288,A,qwen3.5-4b/responses/state_202/Gear_Small/M12_Hex_Nut.json,0.6911659751390938,0.6911659751390938,0.6911659751390938,0.16196861881533942,0.16196861881533942,0.16196861881533942,0.030032752108720917,0.030032752108720917
Gear <- hex nut,qwen3.5:4b,state_202,Gear_Large,gear,M16_Hex_Nut,hex_nut,False,False,False,C,../vlm_four_scene_20260925/raw/qwen3.5-4b/state_202/Gear_Large/M16_Hex_Nut.json,0.36799692459830935,0.36799692459830935,0.36799692459830935,0.47211564358838704,0.47211564358838704,0.47211564358838704,C,qwen3.5-4b/responses/state_202/Gear_Large/M16_Hex_Nut.json,0.321786222293909,0.321786222293909,0.321786222293909,0.3866571525288442,0.3866571525288442,0.3866571525288442,-0.04621070230440033,-0.04621070230440033
Gear <- hex nut,qwen3.5:4b,state_202,Gear_Medium,gear,M16_Hex_Nut,hex_nut,False,False,False,C,../vlm_four_scene_20260925/raw/qwen3.5-4b/state_202/Gear_Medium/M16_Hex_Nut.json,0.3596717541527953,0.3596717541527953,0.3596717541527953,0.5358306123568538,0.5358306123568538,0.5358306123568538,C,qwen3.5-4b/responses/state_202/Gear_Medium/M16_Hex_Nut.json,0.321786222293909,0.321786222293909,0.321786222293909,0.3866571525288442,0.3866571525288442,0.3866571525288442,-0.03788553185888627,-0.03788553185888627
Gear <- hex nut,qwen3.5:4b,state_202,Gear_Small,gear,M16_Hex_Nut,hex_nut,False,False,False,C,../vlm_four_scene_20260925/raw/qwen3.5-4b/state_202/Gear_Small/M16_Hex_Nut.json,0.3594953617988555,0.3594953617988555,0.3594953617988555,0.45910135106404815,0.45910135106404815,0.45910135106404815,C,qwen3.5-4b/responses/state_202/Gear_Small/M16_Hex_Nut.json,0.321786222293909,0.321786222293909,0.321786222293909,0.3866571525288442,0.3866571525288442,0.3866571525288442,-0.037709139504946476,-0.037709139504946476
Gear <- hex nut,qwen3.5:4b,state_303,Gear_Large,gear,M12_Hex_Nut,hex_nut,False,False,False,A,../vlm_four_scene_20260925/raw/qwen3.5-4b/state_303/Gear_Large/M12_Hex_Nut.json,0.5054016114729819,0.5054016114729819,0.5054016114729819,0.4136841244747376,0.4136841244747376,0.4136841244747376,A,qwen3.5-4b/responses/state_303/Gear_Large/M12_Hex_Nut.json,0.7777361922672602,0.7777361922672602,0.7777361922672602,0.1445645753359793,0.1445645753359793,0.1445645753359793,0.2723345807942783,0.2723345807942783
Gear <- hex nut,qwen3.5:4b,state_303,Gear_Medium,gear,M12_Hex_Nut,hex_nut,False,False,False,C,../vlm_four_scene_20260925/raw/qwen3.5-4b/state_303/Gear_Medium/M12_Hex_Nut.json,0.3981844157142091,0.3981844157142091,0.3981844157142091,0.5390128405990562,0.5390128405990562,0.5390128405990562,A,qwen3.5-4b/responses/state_303/Gear_Medium/M12_Hex_Nut.json,0.7777361922672602,0.7777361922672602,0.7777361922672602,0.1445645753359793,0.1445645753359793,0.1445645753359793,0.3795517765530511,0.3795517765530511
Gear <- hex nut,qwen3.5:4b,state_303,Gear_Small,gear,M12_Hex_Nut,hex_nut,False,False,False,A,../vlm_four_scene_20260925/raw/qwen3.5-4b/state_303/Gear_Small/M12_Hex_Nut.json,0.47092473171062565,0.47092473171062565,0.47092473171062565,0.44293407587102734,0.44293407587102734,0.44293407587102734,A,qwen3.5-4b/responses/state_303/Gear_Small/M12_Hex_Nut.json,0.7777361922672602,0.7777361922672602,0.7777361922672602,0.1445645753359793,0.1445645753359793,0.1445645753359793,0.30681146055663455,0.30681146055663455
Gear <- hex nut,qwen3.5:4b,state_303,Gear_Large,gear,M16_Hex_Nut,hex_nut,False,False,False,A,../vlm_four_scene_20260925/raw/qwen3.5-4b/state_303/Gear_Large/M16_Hex_Nut.json,0.4532645556316705,0.4532645556316705,0.4532645556316705,0.4419142486213498,0.4419142486213498,0.4419142486213498,A,qwen3.5-4b/responses/state_303/Gear_Large/M16_Hex_Nut.json,0.6778563792262631,0.6778563792262631,0.6778563792262631,0.18912714326211452,0.18912714326211452,0.18912714326211452,0.22459182359459257,0.22459182359459257
Gear <- hex nut,qwen3.5:4b,state_303,Gear_Medium,gear,M16_Hex_Nut,hex_nut,False,False,False,C,../vlm_four_scene_20260925/raw/qwen3.5-4b/state_303/Gear_Medium/M16_Hex_Nut.json,0.29795159124025666,0.29795159124025666,0.29795159124025666,0.6318786220906525,0.6318786220906525,0.6318786220906525,A,qwen3.5-4b/responses/state_303/Gear_Medium/M16_Hex_Nut.json,0.6778563792262631,0.6778563792262631,0.6778563792262631,0.18912714326211452,0.18912714326211452,0.18912714326211452,0.3799047879860064,0.3799047879860064
Gear <- hex nut,qwen3.5:4b,state_303,Gear_Small,gear,M16_Hex_Nut,hex_nut,False,False,False,C,../vlm_four_scene_20260925/raw/qwen3.5-4b/state_303/Gear_Small/M16_Hex_Nut.json,0.4262001509102408,0.4262001509102408,0.4262001509102408,0.4651841869861194,0.4651841869861194,0.4651841869861194,A,qwen3.5-4b/responses/state_303/Gear_Small/M16_Hex_Nut.json,0.6778563792262631,0.6778563792262631,0.6778563792262631,0.18912714326211452,0.18912714326211452,0.18912714326211452,0.25165622831602225,0.25165622831602225
Gear <- hex nut,qwen3.5:9b,original,Gear_Large,gear,M12_Hex_Nut,hex_nut,False,False,False,A,../vlm_four_scene_20260925/raw/qwen3.5-9b/original/Gear_Large/M12_Hex_Nut.json,0.9770920881955736,0.9770920881955736,0.9770920881955736,0.018081481719264776,0.018081481719264776,0.018081481719264776,A,qwen3.5-9b/responses/original/Gear_Large/M12_Hex_Nut.json,0.637896231049225,0.637896231049225,0.637896231049225,0.26905845088380664,0.26905845088380664,0.26905845088380664,-0.3391958571463486,-0.3391958571463486
Gear <- hex nut,qwen3.5:9b,original,Gear_Medium,gear,M12_Hex_Nut,hex_nut,False,False,False,A,../vlm_four_scene_20260925/raw/qwen3.5-9b/original/Gear_Medium/M12_Hex_Nut.json,0.9741350416057112,0.9741350416057112,0.9741350416057112,0.019660116912834532,0.019660116912834532,0.019660116912834532,A,qwen3.5-9b/responses/original/Gear_Medium/M12_Hex_Nut.json,0.637896231049225,0.637896231049225,0.637896231049225,0.26905845088380664,0.26905845088380664,0.26905845088380664,-0.3362388105564862,-0.3362388105564862
Gear <- hex nut,qwen3.5:9b,original,Gear_Small,gear,M12_Hex_Nut,hex_nut,False,False,False,A,../vlm_four_scene_20260925/raw/qwen3.5-9b/original/Gear_Small/M12_Hex_Nut.json,0.9728611118240856,0.9728611118240856,0.9728611118240856,0.021003900446552176,0.021003900446552176,0.021003900446552176,A,qwen3.5-9b/responses/original/Gear_Small/M12_Hex_Nut.json,0.637896231049225,0.637896231049225,0.637896231049225,0.26905845088380664,0.26905845088380664,0.26905845088380664,-0.33496488077486064,-0.33496488077486064
Gear <- hex nut,qwen3.5:9b,original,Gear_Large,gear,M16_Hex_Nut,hex_nut,False,False,False,A,../vlm_four_scene_20260925/raw/qwen3.5-9b/original/Gear_Large/M16_Hex_Nut.json,0.9662387959419055,0.9662387959419055,0.9662387959419055,0.026467281979271347,0.026467281979271347,0.026467281979271347,A,qwen3.5-9b/responses/original/Gear_Large/M16_Hex_Nut.json,0.5418456945529572,0.5418456945529572,0.5418456945529572,0.3134837996456254,0.3134837996456254,0.3134837996456254,-0.42439310138894837,-0.42439310138894837
Gear <- hex nut,qwen3.5:9b,original,Gear_Medium,gear,M16_Hex_Nut,hex_nut,False,False,False,A,../vlm_four_scene_20260925/raw/qwen3.5-9b/original/Gear_Medium/M16_Hex_Nut.json,0.9377691722943562,0.9377691722943562,0.9377691722943562,0.04956958485299793,0.04956958485299793,0.04956958485299793,A,qwen3.5-9b/responses/original/Gear_Medium/M16_Hex_Nut.json,0.5418456945529572,0.5418456945529572,0.5418456945529572,0.3134837996456254,0.3134837996456254,0.3134837996456254,-0.395923477741399,-0.395923477741399
Gear <- hex nut,qwen3.5:9b,original,Gear_Small,gear,M16_Hex_Nut,hex_nut,False,False,False,A,../vlm_four_scene_20260925/raw/qwen3.5-9b/original/Gear_Small/M16_Hex_Nut.json,0.9548695093496103,0.9548695093496103,0.9548695093496103,0.03389690385184633,0.03389690385184633,0.03389690385184633,A,qwen3.5-9b/responses/original/Gear_Small/M16_Hex_Nut.json,0.5418456945529572,0.5418456945529572,0.5418456945529572,0.3134837996456254,0.3134837996456254,0.3134837996456254,-0.4130238147966532,-0.4130238147966532
Gear <- hex nut,qwen3.5:9b,state_101,Gear_Large,gear,M12_Hex_Nut,hex_nut,False,False,False,A,../vlm_four_scene_20260925/raw/qwen3.5-9b/state_101/Gear_Large/M12_Hex_Nut.json,0.9642671933792201,0.9642671933792201,0.9642671933792201,0.02648375065198564,0.02648375065198564,0.02648375065198564,A,qwen3.5-9b/responses/state_101/Gear_Large/M12_Hex_Nut.json,0.7081752931304853,0.7081752931304853,0.7081752931304853,0.21382442691723927,0.21382442691723927,0.21382442691723927,-0.25609190024873474,-0.25609190024873474
Gear <- hex nut,qwen3.5:9b,state_101,Gear_Medium,gear,M12_Hex_Nut,hex_nut,False,False,False,A,../vlm_four_scene_20260925/raw/qwen3.5-9b/state_101/Gear_Medium/M12_Hex_Nut.json,0.962129531558148,0.962129531558148,0.962129531558148,0.02887683955865155,0.02887683955865155,0.02887683955865155,A,qwen3.5-9b/responses/state_101/Gear_Medium/M12_Hex_Nut.json,0.7081752931304853,0.7081752931304853,0.7081752931304853,0.21382442691723927,0.21382442691723927,0.21382442691723927,-0.2539542384276626,-0.2539542384276626
Gear <- hex nut,qwen3.5:9b,state_101,Gear_Small,gear,M12_Hex_Nut,hex_nut,False,False,False,A,../vlm_four_scene_20260925/raw/qwen3.5-9b/state_101/Gear_Small/M12_Hex_Nut.json,0.9656680806826675,0.9656680806826675,0.9656680806826675,0.0260391708107552,0.0260391708107552,0.0260391708107552,A,qwen3.5-9b/responses/state_101/Gear_Small/M12_Hex_Nut.json,0.7081752931304853,0.7081752931304853,0.7081752931304853,0.21382442691723927,0.21382442691723927,0.21382442691723927,-0.2574927875521822,-0.2574927875521822
Gear <- hex nut,qwen3.5:9b,state_101,Gear_Large,gear,M16_Hex_Nut,hex_nut,False,False,False,A,../vlm_four_scene_20260925/raw/qwen3.5-9b/state_101/Gear_Large/M16_Hex_Nut.json,0.9719576839269878,0.9719576839269878,0.9719576839269878,0.020867847573508125,0.020867847573508125,0.020867847573508125,A,qwen3.5-9b/responses/state_101/Gear_Large/M16_Hex_Nut.json,0.7962576130052365,0.7962576130052365,0.7962576130052365,0.16939144929209993,0.16939144929209993,0.16939144929209993,-0.17570007092175133,-0.17570007092175133
Gear <- hex nut,qwen3.5:9b,state_101,Gear_Medium,gear,M16_Hex_Nut,hex_nut,False,False,False,A,../vlm_four_scene_20260925/raw/qwen3.5-9b/state_101/Gear_Medium/M16_Hex_Nut.json,0.9781398764312801,0.9781398764312801,0.9781398764312801,0.017845994726042067,0.017845994726042067,0.017845994726042067,A,qwen3.5-9b/responses/state_101/Gear_Medium/M16_Hex_Nut.json,0.7962576130052365,0.7962576130052365,0.7962576130052365,0.16939144929209993,0.16939144929209993,0.16939144929209993,-0.18188226342604363,-0.18188226342604363
Gear <- hex nut,qwen3.5:9b,state_101,Gear_Small,gear,M16_Hex_Nut,hex_nut,False,False,False,A,../vlm_four_scene_20260925/raw/qwen3.5-9b/state_101/Gear_Small/M16_Hex_Nut.json,0.9758795506445681,0.9758795506445681,0.9758795506445681,0.019124638315610776,0.019124638315610776,0.019124638315610776,A,qwen3.5-9b/responses/state_101/Gear_Small/M16_Hex_Nut.json,0.7962576130052365,0.7962576130052365,0.7962576130052365,0.16939144929209993,0.16939144929209993,0.16939144929209993,-0.17962193763933165,-0.17962193763933165
Gear <- hex nut,qwen3.5:9b,state_202,Gear_Large,gear,M12_Hex_Nut,hex_nut,False,False,False,A,../vlm_four_scene_20260925/raw/qwen3.5-9b/state_202/Gear_Large/M12_Hex_Nut.json,0.9077998404385059,0.9077998404385059,0.9077998404385059,0.05190144775402321,0.05190144775402321,0.05190144775402321,C,qwen3.5-9b/responses/state_202/Gear_Large/M12_Hex_Nut.json,0.15199885604796237,0.15199885604796237,0.15199885604796237,0.6540137022763014,0.6540137022763014,0.6540137022763014,-0.7558009843905436,-0.7558009843905436
Gear <- hex nut,qwen3.5:9b,state_202,Gear_Medium,gear,M12_Hex_Nut,hex_nut,False,False,False,A,../vlm_four_scene_20260925/raw/qwen3.5-9b/state_202/Gear_Medium/M12_Hex_Nut.json,0.9203715915199656,0.9203715915199656,0.9203715915199656,0.05313751248072948,0.05313751248072948,0.05313751248072948,C,qwen3.5-9b/responses/state_202/Gear_Medium/M12_Hex_Nut.json,0.15199885604796237,0.15199885604796237,0.15199885604796237,0.6540137022763014,0.6540137022763014,0.6540137022763014,-0.7683727354720032,-0.7683727354720032
Gear <- hex nut,qwen3.5:9b,state_202,Gear_Small,gear,M12_Hex_Nut,hex_nut,False,False,False,A,../vlm_four_scene_20260925/raw/qwen3.5-9b/state_202/Gear_Small/M12_Hex_Nut.json,0.904080925111467,0.904080925111467,0.904080925111467,0.06185952887565609,0.06185952887565609,0.06185952887565609,C,qwen3.5-9b/responses/state_202/Gear_Small/M12_Hex_Nut.json,0.15199885604796237,0.15199885604796237,0.15199885604796237,0.6540137022763014,0.6540137022763014,0.6540137022763014,-0.7520820690635046,-0.7520820690635046
Gear <- hex nut,qwen3.5:9b,state_202,Gear_Large,gear,M16_Hex_Nut,hex_nut,False,False,False,A,../vlm_four_scene_20260925/raw/qwen3.5-9b/state_202/Gear_Large/M16_Hex_Nut.json,0.961051284859865,0.961051284859865,0.961051284859865,0.024482185663049095,0.024482185663049095,0.024482185663049095,B,qwen3.5-9b/responses/state_202/Gear_Large/M16_Hex_Nut.json,0.07157578826014996,0.07157578826014996,0.07157578826014996,0.3261447366693365,0.3261447366693365,0.3261447366693365,-0.889475496599715,-0.889475496599715
Gear <- hex nut,qwen3.5:9b,state_202,Gear_Medium,gear,M16_Hex_Nut,hex_nut,False,False,False,A,../vlm_four_scene_20260925/raw/qwen3.5-9b/state_202/Gear_Medium/M16_Hex_Nut.json,0.957136214342626,0.957136214342626,0.957136214342626,0.02467108414429881,0.02467108414429881,0.02467108414429881,B,qwen3.5-9b/responses/state_202/Gear_Medium/M16_Hex_Nut.json,0.07157578826014996,0.07157578826014996,0.07157578826014996,0.3261447366693365,0.3261447366693365,0.3261447366693365,-0.885560426082476,-0.885560426082476
Gear <- hex nut,qwen3.5:9b,state_202,Gear_Small,gear,M16_Hex_Nut,hex_nut,False,False,False,A,../vlm_four_scene_20260925/raw/qwen3.5-9b/state_202/Gear_Small/M16_Hex_Nut.json,0.9453193545133319,0.9453193545133319,0.9453193545133319,0.0341806761957625,0.0341806761957625,0.0341806761957625,B,qwen3.5-9b/responses/state_202/Gear_Small/M16_Hex_Nut.json,0.07157578826014996,0.07157578826014996,0.07157578826014996,0.3261447366693365,0.3261447366693365,0.3261447366693365,-0.873743566253182,-0.873743566253182
Gear <- hex nut,qwen3.5:9b,state_303,Gear_Large,gear,M12_Hex_Nut,hex_nut,False,False,False,A,../vlm_four_scene_20260925/raw/qwen3.5-9b/state_303/Gear_Large/M12_Hex_Nut.json,0.9775283937483789,0.9775283937483789,0.9775283937483789,0.016947082109046177,0.016947082109046177,0.016947082109046177,A,qwen3.5-9b/responses/state_303/Gear_Large/M12_Hex_Nut.json,0.9352989204445218,0.9352989204445218,0.9352989204445218,0.048434157433660516,0.048434157433660516,0.048434157433660516,-0.04222947330385707,-0.04222947330385707
Gear <- hex nut,qwen3.5:9b,state_303,Gear_Medium,gear,M12_Hex_Nut,hex_nut,False,False,False,A,../vlm_four_scene_20260925/raw/qwen3.5-9b/state_303/Gear_Medium/M12_Hex_Nut.json,0.9696189764571796,0.9696189764571796,0.9696189764571796,0.020912752967756004,0.020912752967756004,0.020912752967756004,A,qwen3.5-9b/responses/state_303/Gear_Medium/M12_Hex_Nut.json,0.9352989204445218,0.9352989204445218,0.9352989204445218,0.048434157433660516,0.048434157433660516,0.048434157433660516,-0.03432005601265786,-0.03432005601265786
Gear <- hex nut,qwen3.5:9b,state_303,Gear_Small,gear,M12_Hex_Nut,hex_nut,False,False,False,A,../vlm_four_scene_20260925/raw/qwen3.5-9b/state_303/Gear_Small/M12_Hex_Nut.json,0.9669231161357305,0.9669231161357305,0.9669231161357305,0.022739027191727032,0.022739027191727032,0.022739027191727032,A,qwen3.5-9b/responses/state_303/Gear_Small/M12_Hex_Nut.json,0.9352989204445218,0.9352989204445218,0.9352989204445218,0.048434157433660516,0.048434157433660516,0.048434157433660516,-0.03162419569120867,-0.03162419569120867
Gear <- hex nut,qwen3.5:9b,state_303,Gear_Large,gear,M16_Hex_Nut,hex_nut,False,False,False,A,../vlm_four_scene_20260925/raw/qwen3.5-9b/state_303/Gear_Large/M16_Hex_Nut.json,0.9768097997690707,0.9768097997690707,0.9768097997690707,0.015198004412862726,0.015198004412862726,0.015198004412862726,C,qwen3.5-9b/responses/state_303/Gear_Large/M16_Hex_Nut.json,0.2357945470586571,0.2357945470586571,0.2357945470586571,0.5445297991234612,0.5445297991234612,0.5445297991234612,-0.7410152527104136,-0.7410152527104136
Gear <- hex nut,qwen3.5:9b,state_303,Gear_Medium,gear,M16_Hex_Nut,hex_nut,False,False,False,A,../vlm_four_scene_20260925/raw/qwen3.5-9b/state_303/Gear_Medium/M16_Hex_Nut.json,0.975171566752523,0.975171566752523,0.975171566752523,0.017006516777684742,0.017006516777684742,0.017006516777684742,C,qwen3.5-9b/responses/state_303/Gear_Medium/M16_Hex_Nut.json,0.2357945470586571,0.2357945470586571,0.2357945470586571,0.5445297991234612,0.5445297991234612,0.5445297991234612,-0.7393770196938659,-0.7393770196938659
Gear <- hex nut,qwen3.5:9b,state_303,Gear_Small,gear,M16_Hex_Nut,hex_nut,False,False,False,A,../vlm_four_scene_20260925/raw/qwen3.5-9b/state_303/Gear_Small/M16_Hex_Nut.json,0.9823566667238991,0.9823566667238991,0.9823566667238991,0.01161675844386453,0.01161675844386453,0.01161675844386453,C,qwen3.5-9b/responses/state_303/Gear_Small/M16_Hex_Nut.json,0.2357945470586571,0.2357945470586571,0.2357945470586571,0.5445297991234612,0.5445297991234612,0.5445297991234612,-0.746562119665242,-0.746562119665242
Gear <- hex nut,gemma4:12b,original,Gear_Large,gear,M12_Hex_Nut,hex_nut,False,False,False,A,../vlm_four_scene_20260925/raw/gemma4-12b/original/Gear_Large/M12_Hex_Nut.json,0.9999728202821028,0.9999728202821028,0.9999728202821028,3.3247509830469635e-08,3.3247509830469635e-08,3.3247509830469635e-08,B,gemma4-12b/responses/original/Gear_Large/M12_Hex_Nut.json,0.06494224238470976,0.06494224238470976,0.06494224238470976,0.057857084623032844,0.057857084623032844,0.057857084623032844,-0.935030577897393,-0.935030577897393
Gear <- hex nut,gemma4:12b,original,Gear_Medium,gear,M12_Hex_Nut,hex_nut,False,False,False,A,../vlm_four_scene_20260925/raw/gemma4-12b/original/Gear_Medium/M12_Hex_Nut.json,0.9999536275847567,0.9999536275847567,0.9999536275847567,1.9288114125364735e-08,1.9288114125364735e-08,1.9288114125364735e-08,B,gemma4-12b/responses/original/Gear_Medium/M12_Hex_Nut.json,0.054563777159737245,0.054563777159737245,0.054563777159737245,0.048273013703133416,0.048273013703133416,0.048273013703133416,-0.9453898504250194,-0.9453898504250194
Gear <- hex nut,gemma4:12b,original,Gear_Small,gear,M12_Hex_Nut,hex_nut,False,False,False,A,../vlm_four_scene_20260925/raw/gemma4-12b/original/Gear_Small/M12_Hex_Nut.json,0.9999718666068776,0.9999718666068776,0.9999718666068776,4.9127356792866164e-08,4.9127356792866164e-08,4.9127356792866164e-08,B,gemma4-12b/responses/original/Gear_Small/M12_Hex_Nut.json,0.054563777159737245,0.054563777159737245,0.054563777159737245,0.048273013703133416,0.048273013703133416,0.048273013703133416,-0.9454080894471404,-0.9454080894471404
Gear <- hex nut,gemma4:12b,original,Gear_Large,gear,M16_Hex_Nut,hex_nut,False,False,False,A,../vlm_four_scene_20260925/raw/gemma4-12b/original/Gear_Large/M16_Hex_Nut.json,0.9999716281895776,0.9999716281895776,0.9999716281895776,3.31711829932912e-08,3.31711829932912e-08,3.31711829932912e-08,B,gemma4-12b/responses/original/Gear_Large/M16_Hex_Nut.json,0.00014088829430850217,0.00014088829430850217,0.00014088829430850217,0.007342367275519372,0.007342367275519372,0.007342367275519372,-0.9998307398952692,-0.9998307398952692
Gear <- hex nut,gemma4:12b,original,Gear_Medium,gear,M16_Hex_Nut,hex_nut,False,False,False,A,../vlm_four_scene_20260925/raw/gemma4-12b/original/Gear_Medium/M16_Hex_Nut.json,0.9998673200595832,0.9998673200595832,0.9998673200595832,3.66748772957331e-08,3.66748772957331e-08,3.66748772957331e-08,B,gemma4-12b/responses/original/Gear_Medium/M16_Hex_Nut.json,8.571400526385643e-05,8.571400526385643e-05,8.571400526385643e-05,0.00753489564302835,0.00753489564302835,0.00753489564302835,-0.9997816060543194,-0.9997816060543194
Gear <- hex nut,gemma4:12b,original,Gear_Small,gear,M16_Hex_Nut,hex_nut,False,False,False,A,../vlm_four_scene_20260925/raw/gemma4-12b/original/Gear_Small/M16_Hex_Nut.json,0.9996071457903584,0.9996071457903584,0.9996071457903584,6.334397441964545e-08,6.334397441964545e-08,6.334397441964545e-08,B,gemma4-12b/responses/original/Gear_Small/M16_Hex_Nut.json,8.571400526385643e-05,8.571400526385643e-05,8.571400526385643e-05,0.00753489564302835,0.00753489564302835,0.00753489564302835,-0.9995214317850946,-0.9995214317850946
Gear <- hex nut,gemma4:12b,state_101,Gear_Large,gear,M12_Hex_Nut,hex_nut,False,False,False,A,../vlm_four_scene_20260925/raw/gemma4-12b/state_101/Gear_Large/M12_Hex_Nut.json,0.9999477863301158,0.9999477863301158,0.9999477863301158,7.922536576636731e-08,7.922536576636731e-08,7.922536576636731e-08,B,gemma4-12b/responses/state_101/Gear_Large/M12_Hex_Nut.json,0.048684194198514816,0.048684194198514816,0.048684194198514816,0.009925642637456284,0.009925642637456284,0.009925642637456284,-0.951263592131601,-0.951263592131601
Gear <- hex nut,gemma4:12b,state_101,Gear_Medium,gear,M12_Hex_Nut,hex_nut,False,False,False,A,../vlm_four_scene_20260925/raw/gemma4-12b/state_101/Gear_Medium/M12_Hex_Nut.json,0.9999588727968405,0.9999588727968405,0.9999588727968405,1.577641425135852e-07,1.577641425135852e-07,1.577641425135852e-07,B,gemma4-12b/responses/state_101/Gear_Medium/M12_Hex_Nut.json,0.03708845410936455,0.03708845410936455,0.03708845410936455,0.008183413290796769,0.008183413290796769,0.008183413290796769,-0.9628704186874759,-0.9628704186874759
Gear <- hex nut,gemma4:12b,state_101,Gear_Small,gear,M12_Hex_Nut,hex_nut,False,False,False,A,../vlm_four_scene_20260925/raw/gemma4-12b/state_101/Gear_Small/M12_Hex_Nut.json,0.9999599456769135,0.9999599456769135,0.9999599456769135,7.555311858872026e-08,7.555311858872026e-08,7.555311858872026e-08,B,gemma4-12b/responses/state_101/Gear_Small/M12_Hex_Nut.json,0.03708845410936455,0.03708845410936455,0.03708845410936455,0.008183413290796769,0.008183413290796769,0.008183413290796769,-0.9628714915675489,-0.9628714915675489
Gear <- hex nut,gemma4:12b,state_101,Gear_Large,gear,M16_Hex_Nut,hex_nut,False,False,False,A,../vlm_four_scene_20260925/raw/gemma4-12b/state_101/Gear_Large/M16_Hex_Nut.json,0.9999431371703736,0.9999431371703736,0.9999431371703736,5.2770438389756833e-08,5.2770438389756833e-08,5.2770438389756833e-08,A,gemma4-12b/responses/state_101/Gear_Large/M16_Hex_Nut.json,0.7357308173055594,0.7357308173055594,0.7357308173055594,0.13793578270741724,0.13793578270741724,0.13793578270741724,-0.2642123198648142,-0.2642123198648142
Gear <- hex nut,gemma4:12b,state_101,Gear_Medium,gear,M16_Hex_Nut,hex_nut,False,False,False,A,../vlm_four_scene_20260925/raw/gemma4-12b/state_101/Gear_Medium/M16_Hex_Nut.json,0.9999022483802652,0.9999022483802652,0.9999022483802652,5.949628342767934e-08,5.949628342767934e-08,5.949628342767934e-08,A,gemma4-12b/responses/state_101/Gear_Medium/M16_Hex_Nut.json,0.7894747236641236,0.7894747236641236,0.7894747236641236,0.12341161075274937,0.12341161075274937,0.12341161075274937,-0.21042752471614157,-0.21042752471614157
Gear <- hex nut,gemma4:12b,state_101,Gear_Small,gear,M16_Hex_Nut,hex_nut,False,False,False,A,../vlm_four_scene_20260925/raw/gemma4-12b/state_101/Gear_Small/M16_Hex_Nut.json,0.9999231100103877,0.9999231100103877,0.9999231100103877,1.0157673396198319e-07,1.0157673396198319e-07,1.0157673396198319e-07,A,gemma4-12b/responses/state_101/Gear_Small/M16_Hex_Nut.json,0.7894747236641236,0.7894747236641236,0.7894747236641236,0.12341161075274937,0.12341161075274937,0.12341161075274937,-0.21044838634626406,-0.21044838634626406
Gear <- hex nut,gemma4:12b,state_202,Gear_Large,gear,M12_Hex_Nut,hex_nut,False,False,False,A,../vlm_four_scene_20260925/raw/gemma4-12b/state_202/Gear_Large/M12_Hex_Nut.json,0.9306355096105865,0.9306355096105865,0.9306355096105865,1.9807268205615365e-06,1.9807268205615365e-06,1.9807268205615365e-06,B,gemma4-12b/responses/state_202/Gear_Large/M12_Hex_Nut.json,4.463274976026435e-06,4.463274976026435e-06,4.463274976026435e-06,0.0005526939221538783,0.0005526939221538783,0.0005526939221538783,-0.9306310463356104,-0.9306310463356104
Gear <- hex nut,gemma4:12b,state_202,Gear_Medium,gear,M12_Hex_Nut,hex_nut,False,False,False,A,../vlm_four_scene_20260925/raw/gemma4-12b/state_202/Gear_Medium/M12_Hex_Nut.json,0.7945915436831084,0.7945915436831084,0.7945915436831084,5.549605285629763e-06,5.549605285629763e-06,5.549605285629763e-06,B,gemma4-12b/responses/state_202/Gear_Medium/M12_Hex_Nut.json,5.333548415485357e-06,5.333548415485357e-06,5.333548415485357e-06,0.0005868143265300718,0.0005868143265300718,0.0005868143265300718,-0.7945862101346929,-0.7945862101346929
Gear <- hex nut,gemma4:12b,state_202,Gear_Small,gear,M12_Hex_Nut,hex_nut,False,False,False,A,../vlm_four_scene_20260925/raw/gemma4-12b/state_202/Gear_Small/M12_Hex_Nut.json,0.8272063159451505,0.8272063159451505,0.8272063159451505,3.1823206710104593e-06,3.1823206710104593e-06,3.1823206710104593e-06,B,gemma4-12b/responses/state_202/Gear_Small/M12_Hex_Nut.json,5.333548415485357e-06,5.333548415485357e-06,5.333548415485357e-06,0.0005868143265300718,0.0005868143265300718,0.0005868143265300718,-0.827200982396735,-0.827200982396735
Gear <- hex nut,gemma4:12b,state_202,Gear_Large,gear,M16_Hex_Nut,hex_nut,False,False,False,A,../vlm_four_scene_20260925/raw/gemma4-12b/state_202/Gear_Large/M16_Hex_Nut.json,0.9999212026574468,0.9999212026574468,0.9999212026574468,5.980255762673597e-08,5.980255762673597e-08,5.980255762673597e-08,B,gemma4-12b/responses/state_202/Gear_Large/M16_Hex_Nut.json,2.554948222837121e-06,2.554948222837121e-06,2.554948222837121e-06,0.00035140494164334954,0.00035140494164334954,0.00035140494164334954,-0.9999186477092239,-0.9999186477092239
Gear <- hex nut,gemma4:12b,state_202,Gear_Medium,gear,M16_Hex_Nut,hex_nut,False,False,False,A,../vlm_four_scene_20260925/raw/gemma4-12b/state_202/Gear_Medium/M16_Hex_Nut.json,0.9990320205589925,0.9990320205589925,0.9990320205589925,8.347238956142083e-08,8.347238956142083e-08,8.347238956142083e-08,B,gemma4-12b/responses/state_202/Gear_Medium/M16_Hex_Nut.json,2.1756746269904715e-06,2.1756746269904715e-06,2.1756746269904715e-06,0.00028205660329747305,0.00028205660329747305,0.00028205660329747305,-0.9990298448843655,-0.9990298448843655
Gear <- hex nut,gemma4:12b,state_202,Gear_Small,gear,M16_Hex_Nut,hex_nut,False,False,False,A,../vlm_four_scene_20260925/raw/gemma4-12b/state_202/Gear_Small/M16_Hex_Nut.json,0.9992839694116963,0.9992839694116963,0.9992839694116963,3.669676241389867e-07,3.669676241389867e-07,3.669676241389867e-07,B,gemma4-12b/responses/state_202/Gear_Small/M16_Hex_Nut.json,2.1756746269904715e-06,2.1756746269904715e-06,2.1756746269904715e-06,0.00028205660329747305,0.00028205660329747305,0.00028205660329747305,-0.9992817937370693,-0.9992817937370693
Gear <- hex nut,gemma4:12b,state_303,Gear_Large,gear,M12_Hex_Nut,hex_nut,False,False,False,A,../vlm_four_scene_20260925/raw/gemma4-12b/state_303/Gear_Large/M12_Hex_Nut.json,0.999969601631181,0.999969601631181,0.999969601631181,1.7275743963011973e-08,1.7275743963011973e-08,1.7275743963011973e-08,B,gemma4-12b/responses/state_303/Gear_Large/M12_Hex_Nut.json,0.000247682743037187,0.000247682743037187,0.000247682743037187,0.006560940340534486,0.006560940340534486,0.006560940340534486,-0.9997219188881438,-0.9997219188881438
Gear <- hex nut,gemma4:12b,state_303,Gear_Medium,gear,M12_Hex_Nut,hex_nut,False,False,False,A,../vlm_four_scene_20260925/raw/gemma4-12b/state_303/Gear_Medium/M12_Hex_Nut.json,0.9999592304246162,0.9999592304246162,0.9999592304246162,3.6705248935906036e-08,3.6705248935906036e-08,3.6705248935906036e-08,B,gemma4-12b/responses/state_303/Gear_Medium/M12_Hex_Nut.json,0.0002768830032096671,0.0002768830032096671,0.0002768830032096671,0.00603080000315197,0.00603080000315197,0.00603080000315197,-0.9996823474214065,-0.9996823474214065
Gear <- hex nut,gemma4:12b,state_303,Gear_Small,gear,M12_Hex_Nut,hex_nut,False,False,False,A,../vlm_four_scene_20260925/raw/gemma4-12b/state_303/Gear_Small/M12_Hex_Nut.json,0.9999597072606368,0.9999597072606368,0.9999597072606368,5.101630603358848e-08,5.101630603358848e-08,5.101630603358848e-08,B,gemma4-12b/responses/state_303/Gear_Small/M12_Hex_Nut.json,0.0002768830032096671,0.0002768830032096671,0.0002768830032096671,0.00603080000315197,0.00603080000315197,0.00603080000315197,-0.999682824257427,-0.999682824257427
Gear <- hex nut,gemma4:12b,state_303,Gear_Large,gear,M16_Hex_Nut,hex_nut,False,False,False,A,../vlm_four_scene_20260925/raw/gemma4-12b/state_303/Gear_Large/M16_Hex_Nut.json,0.9999791383736566,0.9999791383736566,0.9999791383736566,3.1756416071684415e-08,3.1756416071684415e-08,3.1756416071684415e-08,B,gemma4-12b/responses/state_303/Gear_Large/M16_Hex_Nut.json,0.019282351986170152,0.019282351986170152,0.019282351986170152,0.23515590789272706,0.23515590789272706,0.23515590789272706,-0.9806967863874865,-0.9806967863874865
Gear <- hex nut,gemma4:12b,state_303,Gear_Medium,gear,M16_Hex_Nut,hex_nut,False,False,False,A,../vlm_four_scene_20260925/raw/gemma4-12b/state_303/Gear_Medium/M16_Hex_Nut.json,0.99994683265512,0.99994683265512,0.99994683265512,6.187177419065849e-08,6.187177419065849e-08,6.187177419065849e-08,B,gemma4-12b/responses/state_303/Gear_Medium/M16_Hex_Nut.json,0.019337552126047233,0.019337552126047233,0.019337552126047233,0.1837615155490906,0.1837615155490906,0.1837615155490906,-0.9806092805290727,-0.9806092805290727
Gear <- hex nut,gemma4:12b,state_303,Gear_Small,gear,M16_Hex_Nut,hex_nut,False,False,False,A,../vlm_four_scene_20260925/raw/gemma4-12b/state_303/Gear_Small/M16_Hex_Nut.json,0.9999285936385295,0.9999285936385295,0.9999285936385295,3.951192608917202e-08,3.951192608917202e-08,3.951192608917202e-08,B,gemma4-12b/responses/state_303/Gear_Small/M16_Hex_Nut.json,0.019337552126047233,0.019337552126047233,0.019337552126047233,0.1837615155490906,0.1837615155490906,0.1837615155490906,-0.9805910415124822,-0.9805910415124822
True nut family crops,qwen3.5:4b,original,M12_Hex_Nut,hex_nut,M12_Hex_Nut,hex_nut,True,True,False,A,../vlm_four_scene_20260925/raw/qwen3.5-4b/original/M12_Hex_Nut/M12_Hex_Nut.json,0.4906622950564832,0.4906622950564832,0.4906622950564832,0.4371647253523842,0.4371647253523842,0.4371647253523842,A,qwen3.5-4b/responses/original/M12_Hex_Nut/M12_Hex_Nut.json,0.6991695150825163,0.6991695150825163,0.6991695150825163,0.17288933208593477,0.17288933208593477,0.17288933208593477,0.20850722002603317,0.20850722002603317
True nut family crops,qwen3.5:4b,original,M16_Hex_Nut,hex_nut,M12_Hex_Nut,hex_nut,True,False,False,A,../vlm_four_scene_20260925/raw/qwen3.5-4b/original/M16_Hex_Nut/M12_Hex_Nut.json,0.516789433902735,0.516789433902735,0.516789433902735,0.4198632719133723,0.4198632719133723,0.4198632719133723,A,qwen3.5-4b/responses/original/M16_Hex_Nut/M12_Hex_Nut.json,0.6991695150825163,0.6991695150825163,0.6991695150825163,0.17288933208593477,0.17288933208593477,0.17288933208593477,0.18238008117978133,0.18238008117978133
True nut family crops,qwen3.5:4b,original,M12_Hex_Nut,hex_nut,M16_Hex_Nut,hex_nut,True,False,False,C,../vlm_four_scene_20260925/raw/qwen3.5-4b/original/M12_Hex_Nut/M16_Hex_Nut.json,0.35114149765728675,0.35114149765728675,0.35114149765728675,0.5939875900458449,0.5939875900458449,0.5939875900458449,A,qwen3.5-4b/responses/original/M12_Hex_Nut/M16_Hex_Nut.json,0.7574878283693869,0.7574878283693869,0.7574878283693869,0.14031881159504897,0.14031881159504897,0.14031881159504897,0.40634633071210013,0.40634633071210013
True nut family crops,qwen3.5:4b,original,M16_Hex_Nut,hex_nut,M16_Hex_Nut,hex_nut,True,True,False,C,../vlm_four_scene_20260925/raw/qwen3.5-4b/original/M16_Hex_Nut/M16_Hex_Nut.json,0.4039860981527006,0.4039860981527006,0.4039860981527006,0.5298783246788142,0.5298783246788142,0.5298783246788142,A,qwen3.5-4b/responses/original/M16_Hex_Nut/M16_Hex_Nut.json,0.7574878283693869,0.7574878283693869,0.7574878283693869,0.14031881159504897,0.14031881159504897,0.14031881159504897,0.3535017302166863,0.3535017302166863
True nut family crops,qwen3.5:4b,state_101,M12_Hex_Nut,hex_nut,M12_Hex_Nut,hex_nut,True,True,False,A,../vlm_four_scene_20260925/raw/qwen3.5-4b/state_101/M12_Hex_Nut/M12_Hex_Nut.json,0.6210907165976777,0.6210907165976777,0.6210907165976777,0.2969172068729796,0.2969172068729796,0.2969172068729796,A,qwen3.5-4b/responses/state_101/M12_Hex_Nut/M12_Hex_Nut.json,0.7337578471166589,0.7337578471166589,0.7337578471166589,0.12730191827443368,0.12730191827443368,0.12730191827443368,0.11266713051898125,0.11266713051898125
True nut family crops,qwen3.5:4b,state_101,M16_Hex_Nut,hex_nut,M12_Hex_Nut,hex_nut,True,False,False,A,../vlm_four_scene_20260925/raw/qwen3.5-4b/state_101/M16_Hex_Nut/M12_Hex_Nut.json,0.7029058883794778,0.7029058883794778,0.7029058883794778,0.21144669531589472,0.21144669531589472,0.21144669531589472,A,qwen3.5-4b/responses/state_101/M16_Hex_Nut/M12_Hex_Nut.json,0.7337578471166589,0.7337578471166589,0.7337578471166589,0.12730191827443368,0.12730191827443368,0.12730191827443368,0.030851958737181162,0.030851958737181162
True nut family crops,qwen3.5:4b,state_101,M12_Hex_Nut,hex_nut,M16_Hex_Nut,hex_nut,True,False,False,C,../vlm_four_scene_20260925/raw/qwen3.5-4b/state_101/M12_Hex_Nut/M16_Hex_Nut.json,0.3126069784076001,0.3126069784076001,0.3126069784076001,0.6314773571878105,0.6314773571878105,0.6314773571878105,A,qwen3.5-4b/responses/state_101/M12_Hex_Nut/M16_Hex_Nut.json,0.39385753035015697,0.39385753035015697,0.39385753035015697,0.3354792964451073,0.3354792964451073,0.3354792964451073,0.08125055194255687,0.08125055194255687
True nut family crops,qwen3.5:4b,state_101,M16_Hex_Nut,hex_nut,M16_Hex_Nut,hex_nut,True,True,False,A,../vlm_four_scene_20260925/raw/qwen3.5-4b/state_101/M16_Hex_Nut/M16_Hex_Nut.json,0.6025005025449773,0.6025005025449773,0.6025005025449773,0.31819323572433317,0.31819323572433317,0.31819323572433317,A,qwen3.5-4b/responses/state_101/M16_Hex_Nut/M16_Hex_Nut.json,0.39385753035015697,0.39385753035015697,0.39385753035015697,0.3354792964451073,0.3354792964451073,0.3354792964451073,-0.20864297219482036,-0.20864297219482036
True nut family crops,qwen3.5:4b,state_202,M12_Hex_Nut,hex_nut,M12_Hex_Nut,hex_nut,True,True,False,A,../vlm_four_scene_20260925/raw/qwen3.5-4b/state_202/M12_Hex_Nut/M12_Hex_Nut.json,0.5912167379174877,0.5912167379174877,0.5912167379174877,0.3230961100546994,0.3230961100546994,0.3230961100546994,A,qwen3.5-4b/responses/state_202/M12_Hex_Nut/M12_Hex_Nut.json,0.7750439696434371,0.7750439696434371,0.7750439696434371,0.10511411878132831,0.10511411878132831,0.10511411878132831,0.1838272317259494,0.1838272317259494
True nut family crops,qwen3.5:4b,state_202,M16_Hex_Nut,hex_nut,M12_Hex_Nut,hex_nut,True,False,False,A,../vlm_four_scene_20260925/raw/qwen3.5-4b/state_202/M16_Hex_Nut/M12_Hex_Nut.json,0.6652587717422048,0.6652587717422048,0.6652587717422048,0.23220952397065173,0.23220952397065173,0.23220952397065173,A,qwen3.5-4b/responses/state_202/M16_Hex_Nut/M12_Hex_Nut.json,0.7750439696434371,0.7750439696434371,0.7750439696434371,0.10511411878132831,0.10511411878132831,0.10511411878132831,0.10978519790123231,0.10978519790123231
True nut family crops,qwen3.5:4b,state_202,M12_Hex_Nut,hex_nut,M16_Hex_Nut,hex_nut,True,False,False,A,../vlm_four_scene_20260925/raw/qwen3.5-4b/state_202/M12_Hex_Nut/M16_Hex_Nut.json,0.7894225751750417,0.7894225751750417,0.7894225751750417,0.1303798132649896,0.1303798132649896,0.1303798132649896,A,qwen3.5-4b/responses/state_202/M12_Hex_Nut/M16_Hex_Nut.json,0.8171926133802192,0.8171926133802192,0.8171926133802192,0.06751735019996444,0.06751735019996444,0.06751735019996444,0.02777003820517754,0.02777003820517754
True nut family crops,qwen3.5:4b,state_202,M16_Hex_Nut,hex_nut,M16_Hex_Nut,hex_nut,True,True,False,A,../vlm_four_scene_20260925/raw/qwen3.5-4b/state_202/M16_Hex_Nut/M16_Hex_Nut.json,0.7341122548264903,0.7341122548264903,0.7341122548264903,0.15266565071531008,0.15266565071531008,0.15266565071531008,A,qwen3.5-4b/responses/state_202/M16_Hex_Nut/M16_Hex_Nut.json,0.8171926133802192,0.8171926133802192,0.8171926133802192,0.06751735019996444,0.06751735019996444,0.06751735019996444,0.08308035855372886,0.08308035855372886
True nut family crops,qwen3.5:4b,state_303,M12_Hex_Nut,hex_nut,M12_Hex_Nut,hex_nut,True,True,False,C,../vlm_four_scene_20260925/raw/qwen3.5-4b/state_303/M12_Hex_Nut/M12_Hex_Nut.json,0.3738367287608314,0.3738367287608314,0.3738367287608314,0.5531116870884096,0.5531116870884096,0.5531116870884096,A,qwen3.5-4b/responses/state_303/M12_Hex_Nut/M12_Hex_Nut.json,0.40766642489384375,0.40766642489384375,0.40766642489384375,0.3706241862863252,0.3706241862863252,0.3706241862863252,0.033829696133012344,0.033829696133012344
True nut family crops,qwen3.5:4b,state_303,M16_Hex_Nut,hex_nut,M12_Hex_Nut,hex_nut,True,False,False,A,../vlm_four_scene_20260925/raw/qwen3.5-4b/state_303/M16_Hex_Nut/M12_Hex_Nut.json,0.5321689700870306,0.5321689700870306,0.5321689700870306,0.3762682371011661,0.3762682371011661,0.3762682371011661,A,qwen3.5-4b/responses/state_303/M16_Hex_Nut/M12_Hex_Nut.json,0.40766642489384375,0.40766642489384375,0.40766642489384375,0.3706241862863252,0.3706241862863252,0.3706241862863252,-0.12450254519318682,-0.12450254519318682
True nut family crops,qwen3.5:4b,state_303,M12_Hex_Nut,hex_nut,M16_Hex_Nut,hex_nut,True,False,False,C,../vlm_four_scene_20260925/raw/qwen3.5-4b/state_303/M12_Hex_Nut/M16_Hex_Nut.json,0.38057538148891146,0.38057538148891146,0.38057538148891146,0.49358636551366797,0.49358636551366797,0.49358636551366797,A,qwen3.5-4b/responses/state_303/M12_Hex_Nut/M16_Hex_Nut.json,0.42907376125035207,0.42907376125035207,0.42907376125035207,0.3050945135599933,0.3050945135599933,0.3050945135599933,0.04849837976144061,0.04849837976144061
True nut family crops,qwen3.5:4b,state_303,M16_Hex_Nut,hex_nut,M16_Hex_Nut,hex_nut,True,True,False,C,../vlm_four_scene_20260925/raw/qwen3.5-4b/state_303/M16_Hex_Nut/M16_Hex_Nut.json,0.3918238605967813,0.3918238605967813,0.3918238605967813,0.5164405839377787,0.5164405839377787,0.5164405839377787,A,qwen3.5-4b/responses/state_303/M16_Hex_Nut/M16_Hex_Nut.json,0.42907376125035207,0.42907376125035207,0.42907376125035207,0.3050945135599933,0.3050945135599933,0.3050945135599933,0.037249900653570756,0.037249900653570756
True nut family crops,qwen3.5:9b,original,M12_Hex_Nut,hex_nut,M12_Hex_Nut,hex_nut,True,True,False,A,../vlm_four_scene_20260925/raw/qwen3.5-9b/original/M12_Hex_Nut/M12_Hex_Nut.json,0.9795658589275005,0.9795658589275005,0.9795658589275005,0.01605974118943575,0.01605974118943575,0.01605974118943575,A,qwen3.5-9b/responses/original/M12_Hex_Nut/M12_Hex_Nut.json,0.9466215375830486,0.9466215375830486,0.9466215375830486,0.04161528829895,0.04161528829895,0.04161528829895,-0.03294432134445191,-0.03294432134445191
True nut family crops,qwen3.5:9b,original,M16_Hex_Nut,hex_nut,M12_Hex_Nut,hex_nut,True,False,False,A,../vlm_four_scene_20260925/raw/qwen3.5-9b/original/M16_Hex_Nut/M12_Hex_Nut.json,0.9815304872211791,0.9815304872211791,0.9815304872211791,0.014329762065318432,0.014329762065318432,0.014329762065318432,A,qwen3.5-9b/responses/original/M16_Hex_Nut/M12_Hex_Nut.json,0.9466215375830486,0.9466215375830486,0.9466215375830486,0.04161528829895,0.04161528829895,0.04161528829895,-0.034908949638130515,-0.034908949638130515
True nut family crops,qwen3.5:9b,original,M12_Hex_Nut,hex_nut,M16_Hex_Nut,hex_nut,True,False,False,A,../vlm_four_scene_20260925/raw/qwen3.5-9b/original/M12_Hex_Nut/M16_Hex_Nut.json,0.9713460801957587,0.9713460801957587,0.9713460801957587,0.022285555252246004,0.022285555252246004,0.022285555252246004,A,qwen3.5-9b/responses/original/M12_Hex_Nut/M16_Hex_Nut.json,0.877113223591023,0.877113223591023,0.877113223591023,0.08790890407223675,0.08790890407223675,0.08790890407223675,-0.09423285660473579,-0.09423285660473579
True nut family crops,qwen3.5:9b,original,M16_Hex_Nut,hex_nut,M16_Hex_Nut,hex_nut,True,True,False,A,../vlm_four_scene_20260925/raw/qwen3.5-9b/original/M16_Hex_Nut/M16_Hex_Nut.json,0.963740347292215,0.963740347292215,0.963740347292215,0.028359715036193948,0.028359715036193948,0.028359715036193948,A,qwen3.5-9b/responses/original/M16_Hex_Nut/M16_Hex_Nut.json,0.877113223591023,0.877113223591023,0.877113223591023,0.08790890407223675,0.08790890407223675,0.08790890407223675,-0.08662712370119208,-0.08662712370119208
True nut family crops,qwen3.5:9b,state_101,M12_Hex_Nut,hex_nut,M12_Hex_Nut,hex_nut,True,True,False,A,../vlm_four_scene_20260925/raw/qwen3.5-9b/state_101/M12_Hex_Nut/M12_Hex_Nut.json,0.9753115775402291,0.9753115775402291,0.9753115775402291,0.016292775641450832,0.016292775641450832,0.016292775641450832,A,qwen3.5-9b/responses/state_101/M12_Hex_Nut/M12_Hex_Nut.json,0.9594019668858315,0.9594019668858315,0.9594019668858315,0.032779629525248884,0.032779629525248884,0.032779629525248884,-0.015909610654397666,-0.015909610654397666
True nut family crops,qwen3.5:9b,state_101,M16_Hex_Nut,hex_nut,M12_Hex_Nut,hex_nut,True,False,False,A,../vlm_four_scene_20260925/raw/qwen3.5-9b/state_101/M16_Hex_Nut/M12_Hex_Nut.json,0.9704651829630546,0.9704651829630546,0.9704651829630546,0.02054606050020542,0.02054606050020542,0.02054606050020542,A,qwen3.5-9b/responses/state_101/M16_Hex_Nut/M12_Hex_Nut.json,0.9594019668858315,0.9594019668858315,0.9594019668858315,0.032779629525248884,0.032779629525248884,0.032779629525248884,-0.01106321607722316,-0.01106321607722316
True nut family crops,qwen3.5:9b,state_101,M12_Hex_Nut,hex_nut,M16_Hex_Nut,hex_nut,True,False,False,A,../vlm_four_scene_20260925/raw/qwen3.5-9b/state_101/M12_Hex_Nut/M16_Hex_Nut.json,0.887398185964506,0.887398185964506,0.887398185964506,0.08507237205973193,0.08507237205973193,0.08507237205973193,A,qwen3.5-9b/responses/state_101/M12_Hex_Nut/M16_Hex_Nut.json,0.8791719136436369,0.8791719136436369,0.8791719136436369,0.08643137344110756,0.08643137344110756,0.08643137344110756,-0.008226272320869144,-0.008226272320869144
True nut family crops,qwen3.5:9b,state_101,M16_Hex_Nut,hex_nut,M16_Hex_Nut,hex_nut,True,True,False,A,../vlm_four_scene_20260925/raw/qwen3.5-9b/state_101/M16_Hex_Nut/M16_Hex_Nut.json,0.9443078055110133,0.9443078055110133,0.9443078055110133,0.04063468183434407,0.04063468183434407,0.04063468183434407,A,qwen3.5-9b/responses/state_101/M16_Hex_Nut/M16_Hex_Nut.json,0.8791719136436369,0.8791719136436369,0.8791719136436369,0.08643137344110756,0.08643137344110756,0.08643137344110756,-0.06513589186737645,-0.06513589186737645
True nut family crops,qwen3.5:9b,state_202,M12_Hex_Nut,hex_nut,M12_Hex_Nut,hex_nut,True,True,False,A,../vlm_four_scene_20260925/raw/qwen3.5-9b/state_202/M12_Hex_Nut/M12_Hex_Nut.json,0.9130331272087255,0.9130331272087255,0.9130331272087255,0.051626159961941996,0.051626159961941996,0.051626159961941996,A,qwen3.5-9b/responses/state_202/M12_Hex_Nut/M12_Hex_Nut.json,0.885056973714847,0.885056973714847,0.885056973714847,0.08372725276572483,0.08372725276572483,0.08372725276572483,-0.027976153493878497,-0.027976153493878497
True nut family crops,qwen3.5:9b,state_202,M16_Hex_Nut,hex_nut,M12_Hex_Nut,hex_nut,True,False,False,A,../vlm_four_scene_20260925/raw/qwen3.5-9b/state_202/M16_Hex_Nut/M12_Hex_Nut.json,0.9504435642200298,0.9504435642200298,0.9504435642200298,0.029879876578872058,0.029879876578872058,0.029879876578872058,A,qwen3.5-9b/responses/state_202/M16_Hex_Nut/M12_Hex_Nut.json,0.885056973714847,0.885056973714847,0.885056973714847,0.08372725276572483,0.08372725276572483,0.08372725276572483,-0.0653865905051828,-0.0653865905051828
True nut family crops,qwen3.5:9b,state_202,M12_Hex_Nut,hex_nut,M16_Hex_Nut,hex_nut,True,False,False,A,../vlm_four_scene_20260925/raw/qwen3.5-9b/state_202/M12_Hex_Nut/M16_Hex_Nut.json,0.9872041347028508,0.9872041347028508,0.9872041347028508,0.008489584868398783,0.008489584868398783,0.008489584868398783,A,qwen3.5-9b/responses/state_202/M12_Hex_Nut/M16_Hex_Nut.json,0.9386364198610315,0.9386364198610315,0.9386364198610315,0.04343452718089664,0.04343452718089664,0.04343452718089664,-0.04856771484181932,-0.04856771484181932
True nut family crops,qwen3.5:9b,state_202,M16_Hex_Nut,hex_nut,M16_Hex_Nut,hex_nut,True,True,False,A,../vlm_four_scene_20260925/raw/qwen3.5-9b/state_202/M16_Hex_Nut/M16_Hex_Nut.json,0.988545596436563,0.988545596436563,0.988545596436563,0.007495262568142385,0.007495262568142385,0.007495262568142385,A,qwen3.5-9b/responses/state_202/M16_Hex_Nut/M16_Hex_Nut.json,0.9386364198610315,0.9386364198610315,0.9386364198610315,0.04343452718089664,0.04343452718089664,0.04343452718089664,-0.04990917657553151,-0.04990917657553151
True nut family crops,qwen3.5:9b,state_303,M12_Hex_Nut,hex_nut,M12_Hex_Nut,hex_nut,True,True,False,A,../vlm_four_scene_20260925/raw/qwen3.5-9b/state_303/M12_Hex_Nut/M12_Hex_Nut.json,0.9067394148989119,0.9067394148989119,0.9067394148989119,0.050418844258399646,0.050418844258399646,0.050418844258399646,A,qwen3.5-9b/responses/state_303/M12_Hex_Nut/M12_Hex_Nut.json,0.8614553196226454,0.8614553196226454,0.8614553196226454,0.10237447933863918,0.10237447933863918,0.10237447933863918,-0.04528409527626642,-0.04528409527626642
True nut family crops,qwen3.5:9b,state_303,M16_Hex_Nut,hex_nut,M12_Hex_Nut,hex_nut,True,False,False,A,../vlm_four_scene_20260925/raw/qwen3.5-9b/state_303/M16_Hex_Nut/M12_Hex_Nut.json,0.9662467257170322,0.9662467257170322,0.9662467257170322,0.02294738272181075,0.02294738272181075,0.02294738272181075,A,qwen3.5-9b/responses/state_303/M16_Hex_Nut/M12_Hex_Nut.json,0.8614553196226454,0.8614553196226454,0.8614553196226454,0.10237447933863918,0.10237447933863918,0.10237447933863918,-0.10479140609438675,-0.10479140609438675
True nut family crops,qwen3.5:9b,state_303,M12_Hex_Nut,hex_nut,M16_Hex_Nut,hex_nut,True,False,False,A,../vlm_four_scene_20260925/raw/qwen3.5-9b/state_303/M12_Hex_Nut/M16_Hex_Nut.json,0.9860861303394899,0.9860861303394899,0.9860861303394899,0.00994822061885093,0.00994822061885093,0.00994822061885093,A,qwen3.5-9b/responses/state_303/M12_Hex_Nut/M16_Hex_Nut.json,0.847929000337853,0.847929000337853,0.847929000337853,0.10727778789665325,0.10727778789665325,0.10727778789665325,-0.13815713000163687,-0.13815713000163687
True nut family crops,qwen3.5:9b,state_303,M16_Hex_Nut,hex_nut,M16_Hex_Nut,hex_nut,True,True,False,A,../vlm_four_scene_20260925/raw/qwen3.5-9b/state_303/M16_Hex_Nut/M16_Hex_Nut.json,0.9868965743673824,0.9868965743673824,0.9868965743673824,0.009462194601366967,0.009462194601366967,0.009462194601366967,A,qwen3.5-9b/responses/state_303/M16_Hex_Nut/M16_Hex_Nut.json,0.847929000337853,0.847929000337853,0.847929000337853,0.10727778789665325,0.10727778789665325,0.10727778789665325,-0.13896757402952942,-0.13896757402952942
True nut family crops,gemma4:12b,original,M12_Hex_Nut,hex_nut,M12_Hex_Nut,hex_nut,True,True,False,A,../vlm_four_scene_20260925/raw/gemma4-12b/original/M12_Hex_Nut/M12_Hex_Nut.json,0.9999831914895567,0.9999831914895567,0.9999831914895567,2.1338027238065926e-08,2.1338027238065926e-08,2.1338027238065926e-08,A,gemma4-12b/responses/original/M12_Hex_Nut/M12_Hex_Nut.json,0.9999586343771818,0.9999586343771818,0.9999586343771818,2.7460803273957136e-06,2.7460803273957136e-06,2.7460803273957136e-06,-2.4557112374923307e-05,-2.4557112374923307e-05
True nut family crops,gemma4:12b,original,M16_Hex_Nut,hex_nut,M12_Hex_Nut,hex_nut,True,False,False,A,../vlm_four_scene_20260925/raw/gemma4-12b/original/M16_Hex_Nut/M12_Hex_Nut.json,0.9999804496766298,0.9999804496766298,0.9999804496766298,3.2169444482214696e-08,3.2169444482214696e-08,3.2169444482214696e-08,A,gemma4-12b/responses/original/M16_Hex_Nut/M12_Hex_Nut.json,0.999952793122396,0.999952793122396,0.999952793122396,2.4595782445340665e-06,2.4595782445340665e-06,2.4595782445340665e-06,-2.7656554233757014e-05,-2.7656554233757014e-05
True nut family crops,gemma4:12b,original,M12_Hex_Nut,hex_nut,M16_Hex_Nut,hex_nut,True,False,False,A,../vlm_four_scene_20260925/raw/gemma4-12b/original/M12_Hex_Nut/M16_Hex_Nut.json,0.9996222257734806,0.9996222257734806,0.9996222257734806,1.2983860626191564e-07,1.2983860626191564e-07,1.2983860626191564e-07,A,gemma4-12b/responses/original/M12_Hex_Nut/M16_Hex_Nut.json,0.9999916553499875,0.9999916553499875,0.9999916553499875,9.727184886552816e-07,9.727184886552816e-07,9.727184886552816e-07,0.00036942957650687447,0.00036942957650687447
True nut family crops,gemma4:12b,original,M16_Hex_Nut,hex_nut,M16_Hex_Nut,hex_nut,True,True,False,A,../vlm_four_scene_20260925/raw/gemma4-12b/original/M16_Hex_Nut/M16_Hex_Nut.json,0.9994787573607201,0.9994787573607201,0.9994787573607201,8.28155358809637e-08,8.28155358809637e-08,8.28155358809637e-08,A,gemma4-12b/responses/original/M16_Hex_Nut/M16_Hex_Nut.json,0.9999898672107935,0.9999898672107935,0.9999898672107935,1.2382382611216162e-06,1.2382382611216162e-06,1.2382382611216162e-06,0.0005111098500734101,0.0005111098500734101
True nut family crops,gemma4:12b,state_101,M12_Hex_Nut,hex_nut,M12_Hex_Nut,hex_nut,True,True,False,A,../vlm_four_scene_20260925/raw/gemma4-12b/state_101/M12_Hex_Nut/M12_Hex_Nut.json,0.9980440139182436,0.9980440139182436,0.9980440139182436,4.4423670273231924e-07,4.4423670273231924e-07,4.4423670273231924e-07,A,gemma4-12b/responses/state_101/M12_Hex_Nut/M12_Hex_Nut.json,0.9999665021904517,0.9999665021904517,0.9999665021904517,2.1213326207231185e-06,2.1213326207231185e-06,2.1213326207231185e-06,0.0019224882722080894,0.0019224882722080894
True nut family crops,gemma4:12b,state_101,M16_Hex_Nut,hex_nut,M12_Hex_Nut,hex_nut,True,False,False,A,../vlm_four_scene_20260925/raw/gemma4-12b/state_101/M16_Hex_Nut/M12_Hex_Nut.json,0.9994149207855803,0.9994149207855803,0.9994149207855803,1.571150618211552e-07,1.571150618211552e-07,1.571150618211552e-07,A,gemma4-12b/responses/state_101/M16_Hex_Nut/M12_Hex_Nut.json,0.999966859817318,0.999966859817318,0.999966859817318,2.204423705615014e-06,2.204423705615014e-06,2.204423705615014e-06,0.0005519390317377804,0.0005519390317377804
True nut family crops,gemma4:12b,state_101,M12_Hex_Nut,hex_nut,M16_Hex_Nut,hex_nut,True,False,False,A,../vlm_four_scene_20260925/raw/gemma4-12b/state_101/M12_Hex_Nut/M16_Hex_Nut.json,0.936298789057975,0.936298789057975,0.936298789057975,1.835911140188542e-06,1.835911140188542e-06,1.835911140188542e-06,A,gemma4-12b/responses/state_101/M12_Hex_Nut/M16_Hex_Nut.json,0.9891000385474381,0.9891000385474381,0.9891000385474381,0.0006754368634842335,0.0006754368634842335,0.0006754368634842335,0.052801249489463076,0.052801249489463076
True nut family crops,gemma4:12b,state_101,M16_Hex_Nut,hex_nut,M16_Hex_Nut,hex_nut,True,True,False,A,../vlm_four_scene_20260925/raw/gemma4-12b/state_101/M16_Hex_Nut/M16_Hex_Nut.json,0.9050453301833206,0.9050453301833206,0.9050453301833206,4.654604123432906e-06,4.654604123432906e-06,4.654604123432906e-06,A,gemma4-12b/responses/state_101/M16_Hex_Nut/M16_Hex_Nut.json,0.9889896515517391,0.9889896515517391,0.9889896515517391,0.0006628425584215615,0.0006628425584215615,0.0006628425584215615,0.08394432136841856,0.08394432136841856
True nut family crops,gemma4:12b,state_202,M12_Hex_Nut,hex_nut,M12_Hex_Nut,hex_nut,True,True,False,A,../vlm_four_scene_20260925/raw/gemma4-12b/state_202/M12_Hex_Nut/M12_Hex_Nut.json,0.9999744892118427,0.9999744892118427,0.9999744892118427,3.1074075914519277e-08,3.1074075914519277e-08,3.1074075914519277e-08,A,gemma4-12b/responses/state_202/M12_Hex_Nut/M12_Hex_Nut.json,0.9999920129776643,0.9999920129776643,0.9999920129776643,1.223253426376824e-06,1.223253426376824e-06,1.223253426376824e-06,1.7523765821536585e-05,1.7523765821536585e-05
True nut family crops,gemma4:12b,state_202,M16_Hex_Nut,hex_nut,M12_Hex_Nut,hex_nut,True,False,False,A,../vlm_four_scene_20260925/raw/gemma4-12b/state_202/M16_Hex_Nut/M12_Hex_Nut.json,0.9999620914441505,0.9999620914441505,0.9999620914441505,4.717580104145201e-08,4.717580104145201e-08,4.717580104145201e-08,A,gemma4-12b/responses/state_202/M16_Hex_Nut/M12_Hex_Nut.json,0.9999890327454755,0.9999890327454755,0.9999890327454755,1.4603682360669675e-06,1.4603682360669675e-06,1.4603682360669675e-06,2.6941301324967526e-05,2.6941301324967526e-05
True nut family crops,gemma4:12b,state_202,M12_Hex_Nut,hex_nut,M16_Hex_Nut,hex_nut,True,False,False,A,../vlm_four_scene_20260925/raw/gemma4-12b/state_202/M12_Hex_Nut/M16_Hex_Nut.json,0.9999712705610059,0.9999712705610059,0.9999712705610059,3.5189385000590705e-08,3.5189385000590705e-08,3.5189385000590705e-08,A,gemma4-12b/responses/state_202/M12_Hex_Nut/M16_Hex_Nut.json,0.9999675750714346,0.9999675750714346,0.9999675750714346,1.2941588475487227e-06,1.2941588475487227e-06,1.2941588475487227e-06,-3.6954895712426605e-06,-3.6954895712426605e-06
True nut family crops,gemma4:12b,state_202,M16_Hex_Nut,hex_nut,M16_Hex_Nut,hex_nut,True,True,False,A,../vlm_four_scene_20260925/raw/gemma4-12b/state_202/M16_Hex_Nut/M16_Hex_Nut.json,0.9999626874936456,0.9999626874936456,0.9999626874936456,4.6479323913301744e-08,4.6479323913301744e-08,4.6479323913301744e-08,A,gemma4-12b/responses/state_202/M16_Hex_Nut/M16_Hex_Nut.json,0.9999648332594905,0.9999648332594905,0.9999648332594905,1.2805338585535327e-06,1.2805338585535327e-06,1.2805338585535327e-06,2.1457658448964523e-06,2.1457658448964523e-06
True nut family crops,gemma4:12b,state_303,M12_Hex_Nut,hex_nut,M12_Hex_Nut,hex_nut,True,True,False,A,../vlm_four_scene_20260925/raw/gemma4-12b/state_303/M12_Hex_Nut/M12_Hex_Nut.json,0.9998584985738569,0.9998584985738569,0.9998584985738569,4.337235730498669e-08,4.337235730498669e-08,4.337235730498669e-08,A,gemma4-12b/responses/state_303/M12_Hex_Nut/M12_Hex_Nut.json,0.9999715089800395,0.9999715089800395,0.9999715089800395,3.254501822324682e-06,3.254501822324682e-06,3.254501822324682e-06,0.00011301040618261204,0.00011301040618261204
True nut family crops,gemma4:12b,state_303,M16_Hex_Nut,hex_nut,M12_Hex_Nut,hex_nut,True,False,False,A,../vlm_four_scene_20260925/raw/gemma4-12b/state_303/M16_Hex_Nut/M12_Hex_Nut.json,0.9998049139954949,0.9998049139954949,0.9998049139954949,7.09739620548749e-08,7.09739620548749e-08,7.09739620548749e-08,A,gemma4-12b/responses/state_303/M16_Hex_Nut/M12_Hex_Nut.json,0.9999712705610059,0.9999712705610059,0.9999712705610059,3.1374653456858807e-06,3.1374653456858807e-06,3.1374653456858807e-06,0.00016635656551100553,0.00016635656551100553
True nut family crops,gemma4:12b,state_303,M12_Hex_Nut,hex_nut,M16_Hex_Nut,hex_nut,True,False,False,A,../vlm_four_scene_20260925/raw/gemma4-12b/state_303/M12_Hex_Nut/M16_Hex_Nut.json,0.9995537400348709,0.9995537400348709,0.9995537400348709,4.526428490659101e-08,4.526428490659101e-08,4.526428490659101e-08,A,gemma4-12b/responses/state_303/M12_Hex_Nut/M16_Hex_Nut.json,0.9999603033050728,0.9999603033050728,0.9999603033050728,1.8929883141482798e-06,1.8929883141482798e-06,1.8929883141482798e-06,0.00040656327020194283,0.00040656327020194283
True nut family crops,gemma4:12b,state_303,M16_Hex_Nut,hex_nut,M16_Hex_Nut,hex_nut,True,True,False,A,../vlm_four_scene_20260925/raw/gemma4-12b/state_303/M16_Hex_Nut/M16_Hex_Nut.json,0.999869465820847,0.999869465820847,0.999869465820847,4.477023068178723e-08,4.477023068178723e-08,4.477023068178723e-08,A,gemma4-12b/responses/state_303/M16_Hex_Nut/M16_Hex_Nut.json,0.9999611377700629,0.9999611377700629,0.9999611377700629,2.7812232607228577e-06,2.7812232607228577e-06,2.7812232607228577e-06,9.167194921588795e-05,9.167194921588795e-05
