condition,model,scope,state,target_family,comparisons,family_pairs,unrelated_pairs,family_vs_unrelated_auc_lower,family_vs_unrelated_auc_upper,missing_exact_p_A,all_count,all_C_count,all_C_frequency,all_mean_p_A_lower,all_mean_p_A_upper,all_mean_p_C_lower,all_mean_p_C_upper,family_count,family_C_count,family_C_frequency,family_mean_p_A_lower,family_mean_p_A_upper,family_mean_p_C_lower,family_mean_p_C_upper,unrelated_count,unrelated_C_count,unrelated_C_frequency,unrelated_mean_p_A_lower,unrelated_mean_p_A_upper,unrelated_mean_p_C_lower,unrelated_mean_p_C_upper,own_count,own_C_count,own_C_frequency,own_mean_p_A_lower,own_mean_p_A_upper,own_mean_p_C_lower,own_mean_p_C_upper,macro_family_auc_lower,macro_family_auc_upper,macro_family_count
baseline,qwen3.5:4b,all_crops,original,all,121,25,96,0.9795833333333334,0.9795833333333334,0,121,85,0.7024793388429752,0.29651953630550887,0.29651953630550887,0.5439573340658118,0.5439573340658118,25,2,0.08,0.7138519593144345,0.7138519593144345,0.20449055530638252,0.20449055530638252,96,83,0.8645833333333334,0.18783921781360102,0.18783921781360102,0.6323601410344133,0.6323601410344133,11,1,0.09090909090909091,0.7190115085240585,0.7190115085240585,0.19945982901637438,0.19945982901637438,0.9945987654320988,0.9945987654320988,6
baseline,qwen3.5:4b,all_crops,state_101,all,121,25,96,0.97625,0.97625,0,121,82,0.6776859504132231,0.2887156374507548,0.2887156374507548,0.5280066346830856,0.5280066346830856,25,1,0.04,0.7195380341650072,0.7195380341650072,0.1999690356685007,0.1999690356685007,96,81,0.84375,0.17652230497308494,0.17652230497308494,0.6134330927598005,0.6134330927598005,11,0,0.0,0.7431880022519141,0.7431880022519141,0.17247314846567446,0.17247314846567446,0.9833333333333334,0.9833333333333334,6
baseline,qwen3.5:4b,all_crops,state_202,all,121,25,96,0.9875,0.9875,0,121,80,0.6611570247933884,0.3004752919433314,0.3004752919433314,0.5108399352760461,0.5108399352760461,25,0,0.0,0.7513521086215215,0.7513521086215215,0.1552328836639327,0.1552328836639327,96,80,0.8333333333333334,0.18305945426671946,0.18305945426671946,0.603445938300034,0.603445938300034,11,0,0.0,0.7540348396592548,0.7540348396592548,0.15663896264115576,0.15663896264115576,0.9825617283950617,0.9825617283950617,6
baseline,qwen3.5:4b,all_crops,state_303,all,121,25,96,0.9658333333333333,0.9658333333333333,0,121,78,0.6446280991735537,0.292992132789032,0.292992132789032,0.5220847376425971,0.5220847376425971,25,3,0.12,0.7104677698062726,0.7104677698062726,0.2024131874262345,0.2024131874262345,96,75,0.78125,0.18427451898245897,0.18427451898245897,0.6053325371781081,0.6053325371781081,11,2,0.18181818181818182,0.7067478349244729,0.7067478349244729,0.20961223322769768,0.20961223322769768,0.9833333333333334,0.9833333333333334,6
baseline,qwen3.5:4b,all_crops,all,all,484,100,384,0.9771354166666667,0.9771354166666667,0,484,325,0.6714876033057852,0.2946756496221567,0.2946756496221567,0.5262221604168852,0.5262221604168852,100,6,0.06,0.7238024679768089,0.7238024679768089,0.1905264155162626,0.1905264155162626,384,319,0.8307291666666666,0.18292387400896612,0.18292387400896612,0.613642927318089,0.613642927318089,44,3,0.06818181818181818,0.730745546339925,0.730745546339925,0.1845460433377256,0.1845460433377256,0.9835358796296295,0.9835358796296295,6
baseline,qwen3.5:4b,autonomous_depth_only,original,all,121,25,96,0.9795833333333334,0.9795833333333334,0,121,85,0.7024793388429752,0.29651953630550887,0.29651953630550887,0.5439573340658118,0.5439573340658118,25,2,0.08,0.7138519593144345,0.7138519593144345,0.20449055530638252,0.20449055530638252,96,83,0.8645833333333334,0.18783921781360102,0.18783921781360102,0.6323601410344133,0.6323601410344133,11,1,0.09090909090909091,0.7190115085240585,0.7190115085240585,0.19945982901637438,0.19945982901637438,0.9945987654320988,0.9945987654320988,6
baseline,qwen3.5:4b,autonomous_depth_only,state_101,all,110,24,86,0.9883720930232558,0.9883720930232558,0,110,78,0.7090909090909091,0.2911213257037825,0.2911213257037825,0.542995113116697,0.542995113116697,24,1,0.041666666666666664,0.7117285940054322,0.7117285940054322,0.20683360425081398,0.20683360425081398,86,77,0.8953488372093024,0.1737425531544849,0.1737425531544849,0.636807627218804,0.636807627218804,10,0,0.0,0.7268103426776245,0.7268103426776245,0.18619852434294373,0.18619852434294373,1.0,1.0,5
baseline,qwen3.5:4b,autonomous_depth_only,state_202,all,121,25,96,0.9875,0.9875,0,121,80,0.6611570247933884,0.3004752919433314,0.3004752919433314,0.5108399352760461,0.5108399352760461,25,0,0.0,0.7513521086215215,0.7513521086215215,0.1552328836639327,0.1552328836639327,96,80,0.8333333333333334,0.18305945426671946,0.18305945426671946,0.603445938300034,0.603445938300034,11,0,0.0,0.7540348396592548,0.7540348396592548,0.15663896264115576,0.15663896264115576,0.9825617283950617,0.9825617283950617,6
baseline,qwen3.5:4b,autonomous_depth_only,state_303,all,110,24,86,0.9728682170542635,0.9728682170542635,0,110,75,0.6818181818181818,0.2952113843458085,0.2952113843458085,0.5394560240704878,0.5394560240704878,24,3,0.125,0.7011966826063607,0.7011966826063607,0.20969699987010848,0.20969699987010848,86,72,0.8372093023255814,0.1819131615754218,0.1819131615754218,0.6314817982659424,0.6314817982659424,10,2,0.2,0.6841252321565043,0.6841252321565043,0.2278132876731415,0.2278132876731415,0.9777777777777779,0.9777777777777779,5
baseline,qwen3.5:4b,autonomous_depth_only,all,all,462,98,364,0.9811897286387082,0.9811897286387082,0,462,318,0.6883116883116883,0.2959588145531702,0.2959588145531702,0.5339828889198164,0.5339828889198164,98,6,0.061224489795918366,0.7197990646641013,0.7197990646641013,0.1937736782975512,0.1937736782975512,364,312,0.8571428571428571,0.1818479779848427,0.1818479779848427,0.6255776763950416,0.6255776763950416,42,3,0.07142857142857142,0.7217348947228032,0.7217348947228032,0.19183821019984965,0.19183821019984965,0.9870323190192257,0.9870323190192257,6
family_ablation,qwen3.5:4b,all_crops,original,all,121,25,96,0.9883333333333333,0.9883333333333333,0,121,76,0.628099173553719,0.2947927876303279,0.2947927876303279,0.5155602825986989,0.5155602825986989,25,0,0.0,0.8554058331009685,0.8554058331009685,0.07986549037281993,0.07986549037281993,96,76,0.7916666666666666,0.14879980703901527,0.14879980703901527,0.6290224680741882,0.6290224680741882,11,0,0.0,0.8490552901477098,0.8490552901477098,0.07892880805657197,0.07892880805657197,0.9930555555555557,0.9930555555555557,6
family_ablation,qwen3.5:4b,all_crops,state_101,all,121,25,96,0.98,0.98,0,121,72,0.5950413223140496,0.28932044679999885,0.28932044679999885,0.5138596748407738,0.5138596748407738,25,0,0.0,0.8372498183438197,0.8372498183438197,0.08645770534322601,0.08645770534322601,96,72,0.75,0.14663050629379556,0.14663050629379556,0.6251622710640937,0.6251622710640937,11,0,0.0,0.8277007972287059,0.8277007972287059,0.08789939539917474,0.08789939539917474,1.0,1.0,6
family_ablation,qwen3.5:4b,all_crops,state_202,all,121,25,96,0.99375,0.99375,0,121,77,0.6363636363636364,0.2917273955768141,0.2917273955768141,0.5012225519038848,0.5012225519038848,25,0,0.0,0.8629343079297523,0.8629343079297523,0.06727638463960506,0.06727638463960506,96,77,0.8020833333333334,0.14297559548490316,0.14297559548490316,0.6142293662956243,0.6142293662956243,11,0,0.0,0.858180246658392,0.858180246658392,0.0669549934068718,0.0669549934068718,0.9833333333333334,0.9833333333333334,6
family_ablation,qwen3.5:4b,all_crops,state_303,all,121,25,96,0.9804166666666667,0.9804166666666667,0,121,78,0.6446280991735537,0.2928772662730542,0.2928772662730542,0.5213042001998914,0.5213042001998914,25,0,0.0,0.8202700800195782,0.8202700800195782,0.10068129534017584,0.10068129534017584,96,78,0.8125,0.1555353876932303,0.1555353876932303,0.630841415007109,0.630841415007109,11,0,0.0,0.801876788175598,0.801876788175598,0.10738829414858603,0.10738829414858603,0.9833333333333334,0.9833333333333334,6
family_ablation,qwen3.5:4b,all_crops,all,all,484,100,384,0.986171875,0.986171875,0,484,303,0.6260330578512396,0.29217947407004874,0.29217947407004874,0.5129866773858123,0.5129866773858123,100,0,0.0,0.8439650098485297,0.8439650098485297,0.08357021892395672,0.08357021892395672,384,303,0.7890625,0.14848532412773607,0.14848532412773607,0.6248138801102537,0.6248138801102537,44,0,0.0,0.8342032805526013,0.8342032805526013,0.08529287275280113,0.08529287275280113,0.9878472222222223,0.9878472222222223,6
family_ablation,qwen3.5:4b,autonomous_depth_only,original,all,121,25,96,0.9883333333333333,0.9883333333333333,0,121,76,0.628099173553719,0.2947927876303279,0.2947927876303279,0.5155602825986989,0.5155602825986989,25,0,0.0,0.8554058331009685,0.8554058331009685,0.07986549037281993,0.07986549037281993,96,76,0.7916666666666666,0.14879980703901527,0.14879980703901527,0.6290224680741882,0.6290224680741882,11,0,0.0,0.8490552901477098,0.8490552901477098,0.07892880805657197,0.07892880805657197,0.9930555555555557,0.9930555555555557,6
family_ablation,qwen3.5:4b,autonomous_depth_only,state_101,all,110,24,86,0.9786821705426356,0.9786821705426356,0,110,67,0.6090909090909091,0.2959062793663536,0.2959062793663536,0.5140036914976411,0.5140036914976411,24,0,0.0,0.835230348541549,0.835230348541549,0.08873356933967806,0.08873356933967806,86,67,0.7790697674418605,0.14539723680583397,0.14539723680583397,0.6326837255882356,0.6326837255882356,10,0,0.0,0.8218991675917451,0.8218991675917451,0.0935056379962545,0.0935056379962545,1.0,1.0,5
family_ablation,qwen3.5:4b,autonomous_depth_only,state_202,all,121,25,96,0.99375,0.99375,0,121,77,0.6363636363636364,0.2917273955768141,0.2917273955768141,0.5012225519038848,0.5012225519038848,25,0,0.0,0.8629343079297523,0.8629343079297523,0.06727638463960506,0.06727638463960506,96,77,0.8020833333333334,0.14297559548490316,0.14297559548490316,0.6142293662956243,0.6142293662956243,11,0,0.0,0.858180246658392,0.858180246658392,0.0669549934068718,0.0669549934068718,0.9833333333333334,0.9833333333333334,6
family_ablation,qwen3.5:4b,autonomous_depth_only,state_303,all,110,24,86,0.9801356589147286,0.9801356589147286,0,110,70,0.6363636363636364,0.29699916363431766,0.29699916363431766,0.5182573259748784,0.5182573259748784,24,0,0.0,0.817135323488008,0.817135323488008,0.10362628141669021,0.10362628141669021,86,70,0.813953488372093,0.15184488646584587,0.15184488646584587,0.6339683151539076,0.6339683151539076,10,0,0.0,0.7925140433154318,0.7925140433154318,0.11512696061306157,0.11512696061306157,0.9777777777777779,0.9777777777777779,5
family_ablation,qwen3.5:4b,autonomous_depth_only,all,all,462,98,364,0.9861516034985423,0.9861516034985423,0,462,290,0.6277056277056277,0.2947803915544113,0.2947803915544113,0.5120766989108004,0.5120766989108004,98,0,0.0,0.8430130576987489,0.8430130576987489,0.08464472748432103,0.08464472748432103,364,290,0.7967032967032966,0.14717928913093578,0.14717928913093578,0.6271545373717756,0.6271545373717756,42,0,0.0,0.8315172146175926,0.8315172146175926,0.08788209052835814,0.08788209052835814,0.9871832358674464,0.9871832358674464,6
baseline,qwen3.5:9b,all_crops,original,all,121,25,96,0.99,0.99,0,121,9,0.0743801652892562,0.47574484747291573,0.47574484747291573,0.18699939684860528,0.18699939684860528,25,0,0.0,0.9845503640277211,0.9845503640277211,0.01072364164861063,0.01072364164861063,96,9,0.09375,0.3432434108701019,0.3432434108701019,0.2329045414319372,0.2329045414319372,11,0,0.0,0.9839574747970452,0.9839574747970452,0.011129712468230472,0.011129712468230472,1.0,1.0,6
baseline,qwen3.5:9b,all_crops,state_101,all,121,25,96,0.9641666666666666,0.9641666666666666,0,121,18,0.1487603305785124,0.4557622280021152,0.4557622280021152,0.22654996769951494,0.22654996769951494,25,0,0.0,0.9733698655987721,0.9733698655987721,0.018490223753209644,0.018490223753209644,96,18,0.1875,0.32096857237798576,0.32096857237798576,0.28073219268553196,0.28073219268553196,11,0,0.0,0.9766335651639166,0.9766335651639166,0.016152386403870008,0.016152386403870008,0.9771604938271605,0.9771604938271605,6
baseline,qwen3.5:9b,all_crops,state_202,all,121,25,96,0.9791666666666666,0.9791666666666666,0,121,6,0.049586776859504134,0.4721580480255053,0.4721580480255053,0.17983383193231867,0.17983383193231867,25,0,0.0,0.9748566171582734,0.9748566171582734,0.014946633904389044,0.014946633904389044,96,6,0.0625,0.34124696231384694,0.34124696231384694,0.22277320641875864,0.22277320641875864,11,0,0.0,0.9722705749517023,0.9722705749517023,0.016576496286721455,0.016576496286721455,0.9771604938271604,0.9771604938271604,6
baseline,qwen3.5:9b,all_crops,state_303,all,121,25,96,0.97625,0.97625,0,121,7,0.05785123966942149,0.48262049965609016,0.48262049965609016,0.18143506691354216,0.18143506691354216,25,0,0.0,0.9804785324683966,0.9804785324683966,0.012768651079425004,0.012768651079425004,96,7,0.07291666666666667,0.3529699702778854,0.3529699702778854,0.22535861270367677,0.22535861270367677,11,0,0.0,0.9791334002585595,0.9791334002585595,0.013260136125836312,0.013260136125836312,0.9771604938271604,0.9771604938271604,6
baseline,qwen3.5:9b,all_crops,all,all,484,100,384,0.9780989583333334,0.9780989583333334,0,484,40,0.08264462809917356,0.47157140578915663,0.47157140578915663,0.19370456584849527,0.19370456584849527,100,0,0.0,0.9783138448132909,0.9783138448132909,0.014232287596408584,0.014232287596408584,384,40,0.10416666666666667,0.339607228959955,0.339607228959955,0.24044213830997616,0.24044213830997616,44,0,0.0,0.9779987537928058,0.9779987537928058,0.014279682821164562,0.014279682821164562,0.9849826388888889,0.9849826388888889,6
baseline,qwen3.5:9b,autonomous_depth_only,original,all,121,25,96,0.99,0.99,0,121,9,0.0743801652892562,0.47574484747291573,0.47574484747291573,0.18699939684860528,0.18699939684860528,25,0,0.0,0.9845503640277211,0.9845503640277211,0.01072364164861063,0.01072364164861063,96,9,0.09375,0.3432434108701019,0.3432434108701019,0.2329045414319372,0.2329045414319372,11,0,0.0,0.9839574747970452,0.9839574747970452,0.011129712468230472,0.011129712468230472,1.0,1.0,6
baseline,qwen3.5:9b,autonomous_depth_only,state_101,all,110,24,86,0.9685077519379846,0.9685077519379846,0,110,18,0.16363636363636364,0.46604281923362684,0.46604281923362684,0.2257457135578662,0.2257457135578662,24,0,0.0,0.9727616684636281,0.9727616684636281,0.01892962030636428,0.01892962030636428,86,18,0.20930232558139536,0.3246329078206032,0.3246329078206032,0.28346183260479696,0.28346183260479696,10,0,0.0,0.9755002619960853,0.9755002619960853,0.01697315439650717,0.01697315439650717,0.9915343915343915,0.9915343915343915,5
baseline,qwen3.5:9b,autonomous_depth_only,state_202,all,121,25,96,0.9791666666666666,0.9791666666666666,0,121,6,0.049586776859504134,0.4721580480255053,0.4721580480255053,0.17983383193231867,0.17983383193231867,25,0,0.0,0.9748566171582734,0.9748566171582734,0.014946633904389044,0.014946633904389044,96,6,0.0625,0.34124696231384694,0.34124696231384694,0.22277320641875864,0.22277320641875864,11,0,0.0,0.9722705749517023,0.9722705749517023,0.016576496286721455,0.016576496286721455,0.9771604938271604,0.9771604938271604,6
baseline,qwen3.5:9b,autonomous_depth_only,state_303,all,110,24,86,0.9757751937984496,0.9757751937984496,0,110,7,0.06363636363636363,0.49340007843137473,0.49340007843137473,0.17497336297318244,0.17497336297318244,24,0,0.0,0.9801635371164199,0.9801635371164199,0.012964149018663844,0.012964149018663844,86,7,0.08139534883720931,0.3575591132169435,0.3575591132169435,0.22018523663490855,0.22018523663490855,10,0,0.0,0.9782428981928317,0.9782428981928317,0.013778479684650655,0.013778479684650655,0.9693121693121693,0.9693121693121693,5
baseline,qwen3.5:9b,autonomous_depth_only,all,all,462,98,364,0.9788349405696345,0.9788349405696345,0,462,40,0.08658008658008658,0.4766990673126821,0.4766990673126821,0.19148467337858693,0.19148467337858693,98,0,0.0,0.9781161169752144,0.9781161169752144,0.014359258700261905,0.014359258700261905,364,40,0.10989010989010989,0.3417021693266157,0.3417021693266157,0.23917228502275129,0.23917228502275129,42,0,0.0,0.9775223845029857,0.9775223845029857,0.014578205645620224,0.014578205645620224,0.98520955165692,0.98520955165692,6
family_ablation,qwen3.5:9b,all_crops,original,all,121,25,96,0.9991666666666666,0.9991666666666666,0,121,47,0.3884297520661157,0.29030872949026015,0.29030872949026015,0.41778772345289505,0.41778772345289505,25,0,0.0,0.9776670743120219,0.9776670743120219,0.01684875840249773,0.01684875840249773,96,47,0.4895833333333333,0.11130916052625965,0.11130916052625965,0.5221989122681028,0.5221989122681028,11,0,0.0,0.9760556330659352,0.9760556330659352,0.017859816833796314,0.017859816833796314,1.0,1.0,6
family_ablation,qwen3.5:9b,all_crops,state_101,all,121,25,96,1.0,1.0,0,121,34,0.2809917355371901,0.3100143168039531,0.3100143168039531,0.37240892112991775,0.37240892112991775,25,0,0.0,0.9743523650626246,0.9743523650626246,0.019242146609530764,0.019242146609530764,96,34,0.3541666666666667,0.13700961673659082,0.13700961673659082,0.46437943532793513,0.46437943532793513,11,0,0.0,0.974258320524907,0.974258320524907,0.019163344715204412,0.019163344715204412,1.0,1.0,6
family_ablation,qwen3.5:9b,all_crops,state_202,all,121,25,96,0.9895833333333334,0.9895833333333334,0,121,47,0.3884297520661157,0.26197635083143644,0.26197635083143644,0.3876843362926959,0.3876843362926959,25,0,0.0,0.9626532408524714,0.9626532408524714,0.02493775773889366,0.02493775773889366,96,47,0.4895833333333333,0.07950841072179188,0.07950841072179188,0.48214959112441536,0.48214959112441536,11,0,0.0,0.9644052004327114,0.9644052004327114,0.024026727635384725,0.024026727635384725,0.9833333333333334,0.9833333333333334,6
family_ablation,qwen3.5:9b,all_crops,state_303,all,121,25,96,0.9825,0.9825,0,121,58,0.4793388429752066,0.28643356967485906,0.28643356967485906,0.42103041378012857,0.42103041378012857,25,0,0.0,0.9659011102381514,0.9659011102381514,0.024725746584686945,0.024725746584686945,96,58,0.6041666666666666,0.10948889765316827,0.10948889765316827,0.5242347541956082,0.5242347541956082,11,0,0.0,0.9625185349107049,0.9625185349107049,0.027067926696980407,0.027067926696980407,0.9833333333333334,0.9833333333333334,6
family_ablation,qwen3.5:9b,all_crops,all,all,484,100,384,0.992734375,0.992734375,0,484,186,0.384297520661157,0.28718324170012716,0.28718324170012716,0.3997278486639093,0.3997278486639093,100,0,0.0,0.9701434476163172,0.9701434476163172,0.02143860233390227,0.02143860233390227,384,186,0.484375,0.10932902140945266,0.10932902140945266,0.4982406732290154,0.4982406732290154,44,0,0.0,0.9693094222335645,0.9693094222335645,0.02202945397034146,0.02202945397034146,0.9922743055555556,0.9922743055555556,6
family_ablation,qwen3.5:9b,autonomous_depth_only,original,all,121,25,96,0.9991666666666666,0.9991666666666666,0,121,47,0.3884297520661157,0.29030872949026015,0.29030872949026015,0.41778772345289505,0.41778772345289505,25,0,0.0,0.9776670743120219,0.9776670743120219,0.01684875840249773,0.01684875840249773,96,47,0.4895833333333333,0.11130916052625965,0.11130916052625965,0.5221989122681028,0.5221989122681028,11,0,0.0,0.9760556330659352,0.9760556330659352,0.017859816833796314,0.017859816833796314,1.0,1.0,6
family_ablation,qwen3.5:9b,autonomous_depth_only,state_101,all,110,24,86,1.0,1.0,0,110,34,0.3090909090909091,0.3207543913296449,0.3207543913296449,0.394310210114322,0.394310210114322,24,0,0.0,0.9736562451031752,0.9736562451031752,0.01981987320319342,0.01981987320319342,86,34,0.3953488372093023,0.13854922283470616,0.13854922283470616,0.4988191413453346,0.4988191413453346,10,0,0.0,0.9725782281684573,0.9725782281684573,0.020542008350562146,0.020542008350562146,1.0,1.0,5
family_ablation,qwen3.5:9b,autonomous_depth_only,state_202,all,121,25,96,0.9895833333333334,0.9895833333333334,0,121,47,0.3884297520661157,0.26197635083143644,0.26197635083143644,0.3876843362926959,0.3876843362926959,25,0,0.0,0.9626532408524714,0.9626532408524714,0.02493775773889366,0.02493775773889366,96,47,0.4895833333333333,0.07950841072179188,0.07950841072179188,0.48214959112441536,0.48214959112441536,11,0,0.0,0.9644052004327114,0.9644052004327114,0.024026727635384725,0.024026727635384725,0.9833333333333334,0.9833333333333334,6
family_ablation,qwen3.5:9b,autonomous_depth_only,state_303,all,110,24,86,0.9820736434108527,0.9820736434108527,0,110,56,0.509090909090909,0.29329449024962523,0.29329449024962523,0.4332676407417999,0.4332676407417999,24,0,0.0,0.965295180726422,0.965295180726422,0.025230673143807236,0.025230673143807236,86,56,0.6511627906976745,0.10575941383749586,0.10575941383749586,0.5471384223970536,0.5471384223970536,10,0,0.0,0.960726046549809,0.960726046549809,0.028513968450098442,0.028513968450098442,0.9777777777777779,0.9777777777777779,5
family_ablation,qwen3.5:9b,autonomous_depth_only,all,all,462,98,364,0.9924871047320027,0.9924871047320027,0,462,184,0.39826839826839827,0.2908482071269372,0.2908482071269372,0.40799931347054097,0.40799931347054097,98,0,0.0,0.9698249193777823,0.9698249193777823,0.02169261240676327,0.02169261240676327,364,184,0.5054945054945055,0.10804678459786353,0.10804678459786353,0.5120049637569427,0.5120049637569427,42,0,0.0,0.968526474182566,0.968526474182566,0.02265027993256184,0.02265027993256184,0.9918615984405458,0.9918615984405458,6
baseline,gemma4:12b,all_crops,original,all,121,25,96,0.98125,0.98125,0,121,0,0.0,0.38740322308441455,0.38740322308441455,6.926823211921376e-05,7.174770842218145e-05,25,0,0.0,0.9999490380281612,0.9999490380281612,3.9598811285327745e-08,3.9598811285327745e-08,96,0,0.0,0.22788608377614725,0.22788608377614725,8.729652204315348e-05,9.042169530001898e-05,11,0,0.0,0.9999363584931033,0.9999363584931033,3.7790226387408044e-08,3.7790226387408044e-08,0.9899691358024691,0.9899691358024691,6
baseline,gemma4:12b,all_crops,state_101,all,121,25,96,0.96625,0.96625,0,121,0,0.0,0.36990098784630154,0.36990098784630154,4.7807680970197384e-05,4.946057353218086e-05,25,0,0.0,0.99353722576504,0.99353722576504,3.166760807236749e-07,3.166760807236749e-07,96,0,0.0,0.20749571755496343,0.20749571755496343,6.0175130160164486e-05,6.225846349349781e-05,11,0,0.0,0.9911795366531873,0.9911795366531873,4.908673626066077e-07,4.908673626066077e-07,0.9915123456790124,0.9915123456790124,6
baseline,gemma4:12b,all_crops,state_202,all,121,25,96,0.9814583333333333,0.9814583333333333,0,121,0,0.0,0.362464003795864,0.362464003795864,5.9530956188816495e-05,6.201029503179169e-05,25,0,0.0,0.9998094272647065,0.9998094272647065,5.656364298782478e-08,5.656364298782478e-08,96,0,0.0,0.19648863310085296,0.19648863310085296,7.501907924762605e-05,7.814407924762604e-05,11,0,0.0,0.999761527240986,0.999761527240986,6.090845628521961e-08,6.090845628521961e-08,0.977932098765432,0.977932098765432,6
baseline,gemma4:12b,all_crops,state_303,all,121,25,96,0.9575,0.9575,0,121,0,0.0,0.3628197111589148,0.3628197111589148,4.551070046561699e-05,4.7163593027600465e-05,25,0,0.0,0.9998328137391076,0.9998328137391076,7.409465821345672e-08,7.409465821345672e-08,96,0,0.0,0.19693088236198963,0.19693088236198963,5.734314989462833e-05,5.942648322796167e-05,11,0,0.0,0.9997896281115156,0.9997896281115156,5.4729167786219056e-08,5.4729167786219056e-08,0.9679012345679011,0.9679012345679011,6
baseline,gemma4:12b,all_crops,all,all,484,100,384,0.9720442708333333,0.9720442708333333,0,484,0,0.0,0.37064698147137376,0.37064698147137376,5.5529392435961165e-05,5.7595542503438616e-05,100,0,0.0,0.9982821261992538,0.9982821261992538,1.21733298302571e-07,1.21733298302571e-07,384,0,0.0,0.2072003291984883,0.2072003291984883,6.995847033639309e-05,7.256268031727613e-05,44,0,0.0,0.9976667626246981,0.9976667626246981,1.6107380326636362e-07,1.6107380326636362e-07,0.9823398919753087,0.9823398919753087,6
baseline,gemma4:12b,autonomous_depth_only,original,all,121,25,96,0.98125,0.98125,0,121,0,0.0,0.38740322308441455,0.38740322308441455,6.926823211921376e-05,7.174770842218145e-05,25,0,0.0,0.9999490380281612,0.9999490380281612,3.9598811285327745e-08,3.9598811285327745e-08,96,0,0.0,0.22788608377614725,0.22788608377614725,8.729652204315348e-05,9.042169530001898e-05,11,0,0.0,0.9999363584931033,0.9999363584931033,3.7790226387408044e-08,3.7790226387408044e-08,0.9899691358024691,0.9899691358024691,6
baseline,gemma4:12b,autonomous_depth_only,state_101,all,110,24,86,0.9626937984496124,0.9626937984496124,0,110,0,0.0,0.3710468754386145,0.3710468754386145,2.6592926835604533e-05,2.8411108653786353e-05,24,0,0.0,0.9932681322533,0.9932681322533,3.2828055972787917e-07,3.2828055972787917e-07,86,0,0.0,0.1974037340019581,0.1974037340019581,3.3922595563756153e-05,3.6248176959105e-05,10,0,0.0,0.9902979433138261,0.9902979433138261,5.361372404049915e-07,5.361372404049915e-07,0.9883597883597883,0.9883597883597883,5
baseline,gemma4:12b,autonomous_depth_only,state_202,all,121,25,96,0.9814583333333333,0.9814583333333333,0,121,0,0.0,0.362464003795864,0.362464003795864,5.9530956188816495e-05,6.201029503179169e-05,25,0,0.0,0.9998094272647065,0.9998094272647065,5.656364298782478e-08,5.656364298782478e-08,96,0,0.0,0.19648863310085296,0.19648863310085296,7.501907924762605e-05,7.814407924762604e-05,11,0,0.0,0.999761527240986,0.999761527240986,6.090845628521961e-08,6.090845628521961e-08,0.977932098765432,0.977932098765432,6
baseline,gemma4:12b,autonomous_depth_only,state_303,all,110,24,86,0.9544573643410853,0.9544573643410853,0,110,0,0.0,0.3771172064009442,0.3771172064009442,2.1370611594238165e-05,2.318879341241998e-05,24,0,0.0,0.9998262052727913,0.9998262052727913,7.26792622293645e-08,7.26792622293645e-08,86,0,0.0,0.2033379509018242,0.2033379509018242,2.7314220617124334e-05,2.9639802012473173e-05,10,0,0.0,0.9997694492295974,0.9997694492295974,4.9395668381674e-08,4.9395668381674e-08,0.9566137566137567,0.9566137566137567,5
baseline,gemma4:12b,autonomous_depth_only,all,all,462,98,364,0.9709716304104059,0.9709716304104059,0,462,0,0.0,0.37452810271615833,0.37452810271615833,4.5153010849684764e-05,4.7317549015613524e-05,98,0,0.0,0.998247201356611,0.998247201356611,1.2272548044696595e-07,1.2272548044696595e-07,364,0,0.0,0.2066037300052673,0.2066037300052673,5.7276549218325704e-05,6.002384765969683e-05,42,0,0.0,0.9975559682978385,0.9975559682978385,1.6526225231584665e-07,1.6526225231584665e-07,0.9812648906216158,0.9812648906216158,6
family_ablation,gemma4:12b,all_crops,original,all,121,25,96,0.9970833333333333,0.9970833333333333,0,121,13,0.10743801652892562,0.25072946090127485,0.25072946090127485,0.11874657782575088,0.11874657782575088,25,0,0.0,0.9999928617478563,0.9999928617478563,5.392432453100364e-07,5.392432453100364e-07,96,13,0.13541666666666666,0.05560878359747764,0.05560878359747764,0.14967002537327834,0.14967002537327834,11,0,0.0,0.9999922188846863,0.9999922188846863,6.584775567287653e-07,6.584775567287653e-07,1.0,1.0,6
family_ablation,gemma4:12b,all_crops,state_101,all,121,25,96,0.9958333333333333,0.9958333333333333,0,121,18,0.1487603305785124,0.26870830708771914,0.26870830708771914,0.14684526751187765,0.14684526751187765,25,0,0.0,0.9991156053499847,0.9991156053499847,5.4156759772953496e-05,5.4156759772953496e-05,96,18,0.1875,0.07849807316525419,0.07849807316525419,0.18507211927023817,0.18507211927023817,11,0,0.0,0.9989893816051779,0.9989893816051779,6.107407407377742e-05,6.107407407377742e-05,0.9833333333333334,0.9833333333333334,6
family_ablation,gemma4:12b,all_crops,state_202,all,121,25,96,0.9920833333333333,0.9920833333333333,0,121,11,0.09090909090909091,0.2466946272050382,0.2466946272050382,0.08941000108180956,0.08941000108180956,25,0,0.0,0.999992980956963,0.999992980956963,5.574056244919819e-07,5.574056244919819e-07,96,11,0.11458333333333333,0.05052318091547445,0.05052318091547445,0.11269371037248277,0.11269371037248277,11,0,0.0,0.9999923814426478,0.9999923814426478,6.05542202721966e-07,6.05542202721966e-07,0.9833333333333334,0.9833333333333334,6
family_ablation,gemma4:12b,all_crops,state_303,all,121,25,96,0.9966666666666667,0.9966666666666667,0,121,10,0.08264462809917356,0.2474876645689668,0.2474876645689668,0.09535947448757935,0.09535947448757935,25,0,0.0,0.9999915790556002,0.9999915790556002,8.607255594095709e-07,8.607255594095709e-07,96,10,0.10416666666666667,0.05152310350473932,0.05152310350473932,0.12019244682143872,0.12019244682143872,11,0,0.0,0.9999908425589342,0.9999908425589342,1.0281702415630778e-06,1.0281702415630778e-06,1.0,1.0,6
family_ablation,gemma4:12b,all_crops,all,all,484,100,384,0.9955208333333333,0.9955208333333333,0,484,52,0.10743801652892562,0.25340501494074974,0.25340501494074974,0.11259033022675437,0.11259033022675437,100,0,0.0,0.9997732567776009,0.9997732567776009,1.4028533550541271e-05,1.4028533550541271e-05,384,52,0.13541666666666666,0.0590382852957364,0.0590382852957364,0.14190707545935952,0.14190707545935952,44,0,0.0,0.9997412061228615,0.9997412061228615,1.584156601869781e-05,1.584156601869781e-05,0.9932291666666666,0.9932291666666666,6
family_ablation,gemma4:12b,autonomous_depth_only,original,all,121,25,96,0.9970833333333333,0.9970833333333333,0,121,13,0.10743801652892562,0.25072946090127485,0.25072946090127485,0.11874657782575088,0.11874657782575088,25,0,0.0,0.9999928617478563,0.9999928617478563,5.392432453100364e-07,5.392432453100364e-07,96,13,0.13541666666666666,0.05560878359747764,0.05560878359747764,0.14967002537327834,0.14967002537327834,11,0,0.0,0.9999922188846863,0.9999922188846863,6.584775567287653e-07,6.584775567287653e-07,1.0,1.0,6
family_ablation,gemma4:12b,autonomous_depth_only,state_101,all,110,24,86,0.998062015503876,0.998062015503876,0,110,18,0.16363636363636364,0.2773969583518545,0.2773969583518545,0.1598282049425832,0.1598282049425832,24,0,0.0,0.9990790535961199,0.9990790535961199,5.639703278173287e-05,5.639703278173287e-05,86,18,0.20930232558139536,0.0759973038650827,0.0759973038650827,0.20441568621973716,0.20441568621973716,10,0,0.0,0.9988890350214217,0.9988890350214217,6.714246072493032e-05,6.714246072493032e-05,1.0,1.0,5
family_ablation,gemma4:12b,autonomous_depth_only,state_202,all,121,25,96,0.9920833333333333,0.9920833333333333,0,121,11,0.09090909090909091,0.2466946272050382,0.2466946272050382,0.08941000108180956,0.08941000108180956,25,0,0.0,0.999992980956963,0.999992980956963,5.574056244919819e-07,5.574056244919819e-07,96,11,0.11458333333333333,0.05052318091547445,0.05052318091547445,0.11269371037248277,0.11269371037248277,11,0,0.0,0.9999923814426478,0.9999923814426478,6.05542202721966e-07,6.05542202721966e-07,0.9833333333333334,0.9833333333333334,6
family_ablation,gemma4:12b,autonomous_depth_only,state_303,all,110,24,86,0.998062015503876,0.998062015503876,0,110,10,0.09090909090909091,0.2525768989046205,0.2525768989046205,0.10017787544092094,0.10017787544092094,24,0,0.0,0.9999913871286363,0.9999913871286363,8.875103212686913e-07,8.875103212686913e-07,86,10,0.11627906976744186,0.04399611149326721,0.04399611149326721,0.1281342441657394,0.1281342441657394,10,0,0.0,0.9999903082845542,0.9999903082845542,1.1091981382403176e-06,1.1091981382403176e-06,1.0,1.0,5
family_ablation,gemma4:12b,autonomous_depth_only,all,all,462,98,364,0.9961314196008073,0.9961314196008073,0,462,52,0.11255411255411256,0.2564619890889094,0.2564619890889094,0.11642340885281444,0.11642340885281444,98,0,0.0,0.9997687412756594,0.9997687412756594,1.4308625063439673e-05,1.4308625063439673e-05,364,52,0.14285714285714285,0.05634094042324587,0.05634094042324587,0.14776432045259355,0.14776432045259355,42,0,0.0,0.9997291437300103,0.9997291437300103,1.6581447761563442e-05,1.6581447761563442e-05,0.9950657894736842,0.9950657894736842,6
