condition,rank,passes_0_7_definitely,model,state,target,target_name,posthoc_identity,own_object_match,same_family,assisted_fallback,crop_file,crop_sha256,response_file,elapsed_seconds,answer,p_A,p_B,p_C,logp_A,logp_B,logp_C,other_token_probability,target_family,observed_family,p_A_lower,p_A_upper,p_B_lower,p_B_upper,p_C_lower,p_C_upper
baseline,1,True,qwen3.5:4b,state_303,Waterproof_Male,Waterproof connector,DSUB_Male,False,False,False,../vlm_four_scene_20260925/input_crops/state_303/DSUB_Male.png,951cf97dc3898e2a3029bf7b3818dace43fcdf8abc4c737bf166e9942e4e2383,../vlm_four_scene_20260925/raw/qwen3.5-4b/state_303/Waterproof_Male/DSUB_Male.json,0.3264937000349164,A,0.8831476579092841,0.06393755559282369,0.05160606387217458,-0.12426286935806274,-2.7498483657836914,-2.964116096496582,0.0013087226257176843,Waterproof_Male,DSUB_Male,,,,,,
baseline,2,True,qwen3.5:4b,state_202,Waterproof_Male,Waterproof connector,DSUB_Male,False,False,False,../vlm_four_scene_20260925/input_crops/state_202/DSUB_Male.png,7cc2d3860523df277d6407a141d1e6f5ac1825291a509806faae51c8b11dadd5,../vlm_four_scene_20260925/raw/qwen3.5-4b/state_202/Waterproof_Male/DSUB_Male.json,0.2952750999829732,A,0.826397303048004,0.10818678806739955,0.06367401488332662,-0.1906796246767044,-2.223896026611328,-2.753978729248047,0.0017418940012698947,Waterproof_Male,DSUB_Male,,,,,,
baseline,3,True,qwen3.5:4b,state_101,DSUB_Male,DSUB connector,USB_Male,False,False,True,../vlm_four_scene_20260925/input_crops/state_101/USB_Male.png,7543f2ca9e48d4553584300362014c6f331ab16c9b5e3b3c0e4184e22a6d517c,../vlm_four_scene_20260925/raw/qwen3.5-4b/state_101/DSUB_Male/USB_Male.json,0.32367279997561127,A,0.7925171886722632,0.10892337410266033,0.0946999924090709,-0.23254108428955078,-2.2171106338500977,-2.357041358947754,0.0038594448160056416,DSUB_Male,USB_Male,,,,,,
baseline,4,True,qwen3.5:4b,state_303,DSUB_Male,DSUB connector,USB_Male,False,False,True,../vlm_four_scene_20260925/input_crops/state_303/USB_Male.png,5a3874a9c4c9ea46017e36201d2d720bdf18ca97b04e8ef6860e4458139d0368,../vlm_four_scene_20260925/raw/qwen3.5-4b/state_303/DSUB_Male/USB_Male.json,0.3588317999965511,A,0.7905933274678498,0.11098841542021132,0.09691259868090042,-0.2349715679883957,-2.198329448699951,-2.3339457511901855,0.001505658431038448,DSUB_Male,USB_Male,,,,,,
baseline,5,True,qwen3.5:4b,original,Waterproof_Male,Waterproof connector,DSUB_Male,False,False,False,../vlm_four_scene_20260925/input_crops/original/DSUB_Male.png,c494876a69ee4e893be510f226d6b6c3e9653d4b052ec114fbb8385c85d6a131,../vlm_four_scene_20260925/raw/qwen3.5-4b/original/Waterproof_Male/DSUB_Male.json,0.28519610001239926,A,0.7652422212317157,0.1082937301481965,0.124803994233674,-0.2675628662109375,-2.2229080200195312,-2.0810108184814453,0.0016600543864138118,Waterproof_Male,DSUB_Male,,,,,,
baseline,6,True,qwen3.5:4b,state_101,Waterproof_Male,Waterproof connector,DSUB_Male,False,False,False,../vlm_four_scene_20260925/input_crops/state_101/DSUB_Male.png,4b33b962ebb9c6ee75c0ce865988e91fcba2f1bdbb964dd35e709db436634a24,../vlm_four_scene_20260925/raw/qwen3.5-4b/state_101/Waterproof_Male/DSUB_Male.json,0.3019543999689631,A,0.7316230640955116,0.15273039886733297,0.11419946960907298,-0.3124898374080658,-1.8790810108184814,-2.1698086261749268,0.001447067428082427,Waterproof_Male,DSUB_Male,,,,,,
baseline,7,True,qwen3.5:4b,state_101,Waterproof_Male,Waterproof connector,USB_Male,False,False,True,../vlm_four_scene_20260925/input_crops/state_101/USB_Male.png,7543f2ca9e48d4553584300362014c6f331ab16c9b5e3b3c0e4184e22a6d517c,../vlm_four_scene_20260925/raw/qwen3.5-4b/state_101/Waterproof_Male/USB_Male.json,0.23161980003351346,A,0.728931605195499,0.14652645692418156,0.12397857824684254,-0.3161753714084625,-1.9205492734909058,-2.087646484375,0.0005633596334768676,Waterproof_Male,USB_Male,,,,,,
baseline,8,True,qwen3.5:4b,state_303,Waterproof_Male,Waterproof connector,USB_Male,False,False,True,../vlm_four_scene_20260925/input_crops/state_303/USB_Male.png,5a3874a9c4c9ea46017e36201d2d720bdf18ca97b04e8ef6860e4458139d0368,../vlm_four_scene_20260925/raw/qwen3.5-4b/state_303/Waterproof_Male/USB_Male.json,0.24651660001836717,A,0.7028337044928189,0.16413334593963047,0.1323142035121654,-0.3526349663734436,-1.807076096534729,-2.022575855255127,0.0007187460553852443,Waterproof_Male,USB_Male,,,,,,
baseline,9,False,qwen3.5:4b,original,DSUB_Male,DSUB connector,USB_Male,False,False,False,../vlm_four_scene_20260925/input_crops/original/USB_Male.png,9655c4c73f92054fa731c1091211eb73e90cf928b613414b530d06f1a9f4647c,../vlm_four_scene_20260925/raw/qwen3.5-4b/original/DSUB_Male/USB_Male.json,0.2372245999868028,A,0.6951338732400051,0.15866667600256032,0.14270886294415996,-0.3636508285999298,-1.8409496545791626,-1.9469486474990845,0.0034905878132746038,DSUB_Male,USB_Male,,,,,,
baseline,10,False,qwen3.5:4b,state_202,Waterproof_Male,Waterproof connector,M12_Hex_Nut,False,False,False,../vlm_four_scene_20260925/input_crops/state_202/M12_Hex_Nut.png,3718dec057ac940d14b25b665ed81c8e846d2ffe0ea118f40903b6a5da604056,../vlm_four_scene_20260925/raw/qwen3.5-4b/state_202/Waterproof_Male/M12_Hex_Nut.json,0.3015381000004709,A,0.6706134099122717,0.07421297715361765,0.2545516687651545,-0.39956244826316833,-2.600816249847412,-1.3682514429092407,0.0006219441689561123,Waterproof_Male,hex_nut,,,,,,
baseline,11,False,qwen3.5:4b,state_202,Gear_Small,Small gear,M12_Hex_Nut,False,False,False,../vlm_four_scene_20260925/input_crops/state_202/M12_Hex_Nut.png,3718dec057ac940d14b25b665ed81c8e846d2ffe0ea118f40903b6a5da604056,../vlm_four_scene_20260925/raw/qwen3.5-4b/state_202/Gear_Small/M12_Hex_Nut.json,0.2817670000367798,A,0.6611332230303729,0.08385270885598163,0.2540591016304288,-0.413799911737442,-2.4786934852600098,-1.3701883554458618,0.0009549664832166904,gear,hex_nut,,,,,,
baseline,12,False,qwen3.5:4b,state_202,Gear_Medium,Medium gear,M12_Hex_Nut,False,False,False,../vlm_four_scene_20260925/input_crops/state_202/M12_Hex_Nut.png,3718dec057ac940d14b25b665ed81c8e846d2ffe0ea118f40903b6a5da604056,../vlm_four_scene_20260925/raw/qwen3.5-4b/state_202/Gear_Medium/M12_Hex_Nut.json,0.31521149998297915,A,0.6523000693260603,0.08022398308382572,0.2662938061079037,-0.42725059390068054,-2.522932767868042,-1.3231550455093384,0.0011821414822101861,gear,hex_nut,,,,,,
baseline,13,False,qwen3.5:4b,state_202,Gear_Large,Large gear,M12_Hex_Nut,False,False,False,../vlm_four_scene_20260925/input_crops/state_202/M12_Hex_Nut.png,3718dec057ac940d14b25b665ed81c8e846d2ffe0ea118f40903b6a5da604056,../vlm_four_scene_20260925/raw/qwen3.5-4b/state_202/Gear_Large/M12_Hex_Nut.json,0.3744035000563599,A,0.6411496412026078,0.06574087148153604,0.2922452926358109,-0.4444923996925354,-2.722034454345703,-1.2301617860794067,0.0008641946800452827,gear,hex_nut,,,,,,
baseline,14,False,qwen3.5:4b,state_202,DSUB_Male,DSUB connector,USB_Male,False,False,False,../vlm_four_scene_20260925/input_crops/state_202/USB_Male.png,a0c930dd9c5206a04601a466c9f68dc4c1e3f4ee1c0f97f37b0b950adec45985,../vlm_four_scene_20260925/raw/qwen3.5-4b/state_202/DSUB_Male/USB_Male.json,0.24765830003889278,A,0.6141752073350786,0.23255416541770996,0.14704457800689882,-0.48747503757476807,-1.4586321115493774,-1.9170194864273071,0.00622604924031267,DSUB_Male,USB_Male,,,,,,
baseline,15,False,qwen3.5:4b,state_303,RGOCG16-50_16mm,16 mm round pin,DSUB_Male,False,False,False,../vlm_four_scene_20260925/input_crops/state_303/DSUB_Male.png,951cf97dc3898e2a3029bf7b3818dace43fcdf8abc4c737bf166e9942e4e2383,../vlm_four_scene_20260925/raw/qwen3.5-4b/state_303/RGOCG16-50_16mm/DSUB_Male.json,0.3223133999854326,A,0.5963614430827863,0.1693536723379293,0.231875841624281,-0.5169083476066589,-1.7757660150527954,-1.4615532159805298,0.0024090429550034376,round_pin,DSUB_Male,,,,,,
baseline,16,False,qwen3.5:4b,original,Waterproof_Male,Waterproof connector,USB_Male,False,False,False,../vlm_four_scene_20260925/input_crops/original/USB_Male.png,9655c4c73f92054fa731c1091211eb73e90cf928b613414b530d06f1a9f4647c,../vlm_four_scene_20260925/raw/qwen3.5-4b/original/Waterproof_Male/USB_Male.json,0.2337808000156656,A,0.5799141494638945,0.19945045644458315,0.2193938612783572,-0.5448752045631409,-1.6121894121170044,-1.5168867111206055,0.0012415328131651915,Waterproof_Male,USB_Male,,,,,,
baseline,17,False,qwen3.5:4b,state_101,Gear_Small,Small gear,M16_Hex_Nut,False,False,False,../vlm_four_scene_20260925/input_crops/state_101/M16_Hex_Nut.png,1c1870e789ce383e3b64a161e64f0093e715e0263666f4e81c66af34b957e0f0,../vlm_four_scene_20260925/raw/qwen3.5-4b/state_101/Gear_Small/M16_Hex_Nut.json,0.28444479999598116,A,0.5769595356401199,0.0765978545868552,0.34548888585883286,-0.5499831438064575,-2.569186210632324,-1.062794804573059,0.0009537239141920173,gear,hex_nut,,,,,,
baseline,18,False,qwen3.5:4b,state_202,Waterproof_Male,Waterproof connector,USB_Male,False,False,False,../vlm_four_scene_20260925/input_crops/state_202/USB_Male.png,a0c930dd9c5206a04601a466c9f68dc4c1e3f4ee1c0f97f37b0b950adec45985,../vlm_four_scene_20260925/raw/qwen3.5-4b/state_202/Waterproof_Male/USB_Male.json,0.2590389999677427,A,0.5608652113712705,0.22905133665040273,0.20847486885687147,-0.578274667263031,-1.4738091230392456,-1.5679367780685425,0.001608583121455287,Waterproof_Male,USB_Male,,,,,,
baseline,19,False,qwen3.5:4b,original,Gear_Large,Large gear,M12_Hex_Nut,False,False,False,../vlm_four_scene_20260925/input_crops/original/M12_Hex_Nut.png,38c0f98390b534a6792efcbe2e21a4c07ceeeea957ea1c15c814989186114245,../vlm_four_scene_20260925/raw/qwen3.5-4b/original/Gear_Large/M12_Hex_Nut.json,0.36314540001330897,A,0.5587233286099362,0.07592859485736483,0.3643985184750792,-0.5821008682250977,-2.5779619216918945,-1.009507179260254,0.0009495580576197593,gear,hex_nut,,,,,,
baseline,20,False,qwen3.5:4b,state_101,Gear_Large,Large gear,M16_Hex_Nut,False,False,False,../vlm_four_scene_20260925/input_crops/state_101/M16_Hex_Nut.png,1c1870e789ce383e3b64a161e64f0093e715e0263666f4e81c66af34b957e0f0,../vlm_four_scene_20260925/raw/qwen3.5-4b/state_101/Gear_Large/M16_Hex_Nut.json,0.35865960002411157,A,0.5468911492711814,0.06690608299822562,0.3850194618391135,-0.6035054922103882,-2.704465389251709,-0.954461395740509,0.0011833058914794137,gear,hex_nut,,,,,,
family_ablation,1,True,qwen3.5:4b,state_202,Waterproof_Male,Waterproof connector,DSUB_Male,False,False,False,../vlm_four_scene_20260925/input_crops/state_202/DSUB_Male.png,7cc2d3860523df277d6407a141d1e6f5ac1825291a509806faae51c8b11dadd5,qwen3.5-4b/responses/state_202/Waterproof_Male/DSUB_Male.json,0.36759939999319613,A,0.8989899178055725,0.058849313183845675,0.04136398534120022,-0.10648345947265625,-2.832775115966797,-3.185344696044922,,Waterproof_Male,DSUB_Male,0.8989899178055725,0.8989899178055725,0.058849313183845675,0.058849313183845675,0.04136398534120022,0.04136398534120022
family_ablation,2,True,qwen3.5:4b,state_303,Waterproof_Male,Waterproof connector,DSUB_Male,False,False,False,../vlm_four_scene_20260925/input_crops/state_303/DSUB_Male.png,951cf97dc3898e2a3029bf7b3818dace43fcdf8abc4c737bf166e9942e4e2383,qwen3.5-4b/responses/state_303/Waterproof_Male/DSUB_Male.json,0.3549195000086911,A,0.889072777923128,0.06090462405858791,0.049129216887478566,-0.11757618188858032,-2.7984461784362793,-3.013301372528076,,Waterproof_Male,DSUB_Male,0.889072777923128,0.889072777923128,0.06090462405858791,0.06090462405858791,0.049129216887478566,0.049129216887478566
family_ablation,3,True,qwen3.5:4b,state_101,Gear_Large,Large gear,M16_Hex_Nut,False,False,False,../vlm_four_scene_20260925/input_crops/state_101/M16_Hex_Nut.png,1c1870e789ce383e3b64a161e64f0093e715e0263666f4e81c66af34b957e0f0,qwen3.5-4b/responses/state_101/Gear_Large/M16_Hex_Nut.json,0.34081199998036027,A,0.8649626961684397,0.04398297608099081,0.09059593194175225,-0.14506889879703522,-3.123952627182007,-2.40134596824646,,gear,hex_nut,0.8649626961684397,0.8649626961684397,0.04398297608099081,0.04398297608099081,0.09059593194175225,0.09059593194175225
family_ablation,4,True,qwen3.5:4b,state_101,Gear_Medium,Medium gear,M16_Hex_Nut,False,False,False,../vlm_four_scene_20260925/input_crops/state_101/M16_Hex_Nut.png,1c1870e789ce383e3b64a161e64f0093e715e0263666f4e81c66af34b957e0f0,qwen3.5-4b/responses/state_101/Gear_Medium/M16_Hex_Nut.json,0.053643700026441365,A,0.8649626961684397,0.04398297608099081,0.09059593194175225,-0.14506889879703522,-3.123952627182007,-2.40134596824646,,gear,hex_nut,0.8649626961684397,0.8649626961684397,0.04398297608099081,0.04398297608099081,0.09059593194175225,0.09059593194175225
family_ablation,5,True,qwen3.5:4b,state_101,Gear_Small,Small gear,M16_Hex_Nut,False,False,False,../vlm_four_scene_20260925/input_crops/state_101/M16_Hex_Nut.png,1c1870e789ce383e3b64a161e64f0093e715e0263666f4e81c66af34b957e0f0,qwen3.5-4b/responses/state_101/Gear_Small/M16_Hex_Nut.json,0.07215180003549904,A,0.8649626961684397,0.04398297608099081,0.09059593194175225,-0.14506889879703522,-3.123952627182007,-2.40134596824646,,gear,hex_nut,0.8649626961684397,0.8649626961684397,0.04398297608099081,0.04398297608099081,0.09059593194175225,0.09059593194175225
family_ablation,6,True,qwen3.5:4b,original,Waterproof_Male,Waterproof connector,DSUB_Male,False,False,False,../vlm_four_scene_20260925/input_crops/original/DSUB_Male.png,c494876a69ee4e893be510f226d6b6c3e9653d4b052ec114fbb8385c85d6a131,qwen3.5-4b/responses/original/Waterproof_Male/DSUB_Male.json,0.3542718999669887,A,0.8530514788479018,0.07528379353157051,0.07108623708049751,-0.15893538296222687,-2.5864903926849365,-2.6438615322113037,,Waterproof_Male,DSUB_Male,0.8530514788479018,0.8530514788479018,0.07528379353157051,0.07528379353157051,0.07108623708049751,0.07108623708049751
family_ablation,7,True,qwen3.5:4b,state_303,Gear_Large,Large gear,M12_Hex_Nut,False,False,False,../vlm_four_scene_20260925/input_crops/state_303/M12_Hex_Nut.png,baedfe7904344e7e4677127433e020ed849aa2b1eb60d26e01f65855ed1d0aca,qwen3.5-4b/responses/state_303/Gear_Large/M12_Hex_Nut.json,0.32904290000442415,A,0.7777361922672602,0.07698164655575555,0.1445645753359793,-0.2513678967952728,-2.564188241958618,-1.93402898311615,,gear,hex_nut,0.7777361922672602,0.7777361922672602,0.07698164655575555,0.07698164655575555,0.1445645753359793,0.1445645753359793
family_ablation,8,True,qwen3.5:4b,state_303,Gear_Medium,Medium gear,M12_Hex_Nut,False,False,False,../vlm_four_scene_20260925/input_crops/state_303/M12_Hex_Nut.png,baedfe7904344e7e4677127433e020ed849aa2b1eb60d26e01f65855ed1d0aca,qwen3.5-4b/responses/state_303/Gear_Medium/M12_Hex_Nut.json,0.049092100001871586,A,0.7777361922672602,0.07698164655575555,0.1445645753359793,-0.2513678967952728,-2.564188241958618,-1.93402898311615,,gear,hex_nut,0.7777361922672602,0.7777361922672602,0.07698164655575555,0.07698164655575555,0.1445645753359793,0.1445645753359793
family_ablation,9,True,qwen3.5:4b,state_303,Gear_Small,Small gear,M12_Hex_Nut,False,False,False,../vlm_four_scene_20260925/input_crops/state_303/M12_Hex_Nut.png,baedfe7904344e7e4677127433e020ed849aa2b1eb60d26e01f65855ed1d0aca,qwen3.5-4b/responses/state_303/Gear_Small/M12_Hex_Nut.json,0.047646199993323535,A,0.7777361922672602,0.07698164655575555,0.1445645753359793,-0.2513678967952728,-2.564188241958618,-1.93402898311615,,gear,hex_nut,0.7777361922672602,0.7777361922672602,0.07698164655575555,0.07698164655575555,0.1445645753359793,0.1445645753359793
family_ablation,10,True,qwen3.5:4b,state_303,DSUB_Male,DSUB connector,USB_Male,False,False,True,../vlm_four_scene_20260925/input_crops/state_303/USB_Male.png,5a3874a9c4c9ea46017e36201d2d720bdf18ca97b04e8ef6860e4458139d0368,qwen3.5-4b/responses/state_303/DSUB_Male/USB_Male.json,0.38182740000775084,A,0.7657333005912547,0.1440579747101467,0.0882241270953795,-0.26692134141921997,-1.9375394582748413,-2.427874803543091,,DSUB_Male,USB_Male,0.7657333005912547,0.7657333005912547,0.1440579747101467,0.1440579747101467,0.0882241270953795,0.0882241270953795
family_ablation,11,True,qwen3.5:4b,state_202,Waterproof_Male,Waterproof connector,M12_Hex_Nut,False,False,False,../vlm_four_scene_20260925/input_crops/state_202/M12_Hex_Nut.png,3718dec057ac940d14b25b665ed81c8e846d2ffe0ea118f40903b6a5da604056,qwen3.5-4b/responses/state_202/Waterproof_Male/M12_Hex_Nut.json,0.32531839999137446,A,0.7604188297333514,0.10602000121332762,0.13240688704335354,-0.27388590574264526,-2.2441275119781494,-2.0218756198883057,,Waterproof_Male,hex_nut,0.7604188297333514,0.7604188297333514,0.10602000121332762,0.10602000121332762,0.13240688704335354,0.13240688704335354
family_ablation,12,True,qwen3.5:4b,state_101,DSUB_Male,DSUB connector,USB_Male,False,False,True,../vlm_four_scene_20260925/input_crops/state_101/USB_Male.png,7543f2ca9e48d4553584300362014c6f331ab16c9b5e3b3c0e4184e22a6d517c,qwen3.5-4b/responses/state_101/DSUB_Male/USB_Male.json,0.35710480000125244,A,0.7592350830940751,0.15696925627258684,0.0820814172842884,-0.27544382214546204,-1.8517053127288818,-2.5000436305999756,,DSUB_Male,USB_Male,0.7592350830940751,0.7592350830940751,0.15696925627258684,0.15696925627258684,0.0820814172842884,0.0820814172842884
family_ablation,13,True,qwen3.5:4b,state_202,DSUB_Male,DSUB connector,USB_Male,False,False,False,../vlm_four_scene_20260925/input_crops/state_202/USB_Male.png,a0c930dd9c5206a04601a466c9f68dc4c1e3f4ee1c0f97f37b0b950adec45985,qwen3.5-4b/responses/state_202/DSUB_Male/USB_Male.json,0.40106909995665774,A,0.7537263107066036,0.17946396765972522,0.0649026633015583,-0.2827259600162506,-1.7177808284759521,-2.7348666191101074,,DSUB_Male,USB_Male,0.7537263107066036,0.7537263107066036,0.17946396765972522,0.17946396765972522,0.0649026633015583,0.0649026633015583
family_ablation,14,True,qwen3.5:4b,original,DSUB_Male,DSUB connector,USB_Male,False,False,False,../vlm_four_scene_20260925/input_crops/original/USB_Male.png,9655c4c73f92054fa731c1091211eb73e90cf928b613414b530d06f1a9f4647c,qwen3.5-4b/responses/original/DSUB_Male/USB_Male.json,0.39772479998646304,A,0.7526491814313091,0.1592087828581633,0.08594043428952203,-0.28415605425834656,-1.8375388383865356,-2.4541008472442627,,DSUB_Male,USB_Male,0.7526491814313091,0.7526491814313091,0.1592087828581633,0.1592087828581633,0.08594043428952203,0.08594043428952203
family_ablation,15,True,qwen3.5:4b,original,Gear_Large,Large gear,M12_Hex_Nut,False,False,False,../vlm_four_scene_20260925/input_crops/original/M12_Hex_Nut.png,38c0f98390b534a6792efcbe2e21a4c07ceeeea957ea1c15c814989186114245,qwen3.5-4b/responses/original/Gear_Large/M12_Hex_Nut.json,0.30658049997873604,A,0.7328685028212598,0.09662757004255927,0.169998304587755,-0.31078898906707764,-2.3368911743164062,-1.771966814994812,,gear,hex_nut,0.7328685028212598,0.7328685028212598,0.09662757004255927,0.09662757004255927,0.169998304587755,0.169998304587755
family_ablation,16,True,qwen3.5:4b,original,Gear_Medium,Medium gear,M12_Hex_Nut,False,False,False,../vlm_four_scene_20260925/input_crops/original/M12_Hex_Nut.png,38c0f98390b534a6792efcbe2e21a4c07ceeeea957ea1c15c814989186114245,qwen3.5-4b/responses/original/Gear_Medium/M12_Hex_Nut.json,0.05746369995176792,A,0.7328685028212598,0.09662757004255927,0.169998304587755,-0.31078898906707764,-2.3368911743164062,-1.771966814994812,,gear,hex_nut,0.7328685028212598,0.7328685028212598,0.09662757004255927,0.09662757004255927,0.169998304587755,0.169998304587755
family_ablation,17,True,qwen3.5:4b,original,Gear_Small,Small gear,M12_Hex_Nut,False,False,False,../vlm_four_scene_20260925/input_crops/original/M12_Hex_Nut.png,38c0f98390b534a6792efcbe2e21a4c07ceeeea957ea1c15c814989186114245,qwen3.5-4b/responses/original/Gear_Small/M12_Hex_Nut.json,0.052808099950198084,A,0.7328685028212598,0.09662757004255927,0.169998304587755,-0.31078898906707764,-2.3368911743164062,-1.771966814994812,,gear,hex_nut,0.7328685028212598,0.7328685028212598,0.09662757004255927,0.09662757004255927,0.169998304587755,0.169998304587755
family_ablation,18,False,qwen3.5:4b,state_202,Gear_Large,Large gear,M12_Hex_Nut,False,False,False,../vlm_four_scene_20260925/input_crops/state_202/M12_Hex_Nut.png,3718dec057ac940d14b25b665ed81c8e846d2ffe0ea118f40903b6a5da604056,qwen3.5-4b/responses/state_202/Gear_Large/M12_Hex_Nut.json,0.3252174000372179,A,0.6911659751390938,0.14603230328971006,0.16196861881533942,-0.3693752884864807,-1.9239274263381958,-1.8203526735305786,,gear,hex_nut,0.6911659751390938,0.6911659751390938,0.14603230328971006,0.14603230328971006,0.16196861881533942,0.16196861881533942
family_ablation,19,False,qwen3.5:4b,state_202,Gear_Medium,Medium gear,M12_Hex_Nut,False,False,False,../vlm_four_scene_20260925/input_crops/state_202/M12_Hex_Nut.png,3718dec057ac940d14b25b665ed81c8e846d2ffe0ea118f40903b6a5da604056,qwen3.5-4b/responses/state_202/Gear_Medium/M12_Hex_Nut.json,0.04986160004045814,A,0.6911659751390938,0.14603230328971006,0.16196861881533942,-0.3693752884864807,-1.9239274263381958,-1.8203526735305786,,gear,hex_nut,0.6911659751390938,0.6911659751390938,0.14603230328971006,0.14603230328971006,0.16196861881533942,0.16196861881533942
family_ablation,20,False,qwen3.5:4b,state_202,Gear_Small,Small gear,M12_Hex_Nut,False,False,False,../vlm_four_scene_20260925/input_crops/state_202/M12_Hex_Nut.png,3718dec057ac940d14b25b665ed81c8e846d2ffe0ea118f40903b6a5da604056,qwen3.5-4b/responses/state_202/Gear_Small/M12_Hex_Nut.json,0.050705700006801635,A,0.6911659751390938,0.14603230328971006,0.16196861881533942,-0.3693752884864807,-1.9239274263381958,-1.8203526735305786,,gear,hex_nut,0.6911659751390938,0.6911659751390938,0.14603230328971006,0.14603230328971006,0.16196861881533942,0.16196861881533942
baseline,1,True,qwen3.5:9b,state_303,Waterproof_Male,Waterproof connector,DSUB_Male,False,False,False,../vlm_four_scene_20260925/input_crops/state_303/DSUB_Male.png,951cf97dc3898e2a3029bf7b3818dace43fcdf8abc4c737bf166e9942e4e2383,../vlm_four_scene_20260925/raw/qwen3.5-9b/state_303/Waterproof_Male/DSUB_Male.json,0.40109399997163564,A,0.9892656799175347,0.001396201587038528,0.008863247920827162,-0.01079234853386879,-6.573999881744385,-4.725841999053955,0.00047487057459960624,Waterproof_Male,DSUB_Male,,,,,,
baseline,2,True,qwen3.5:9b,original,Waterproof_Male,Waterproof connector,DSUB_Male,False,False,False,../vlm_four_scene_20260925/input_crops/original/DSUB_Male.png,c494876a69ee4e893be510f226d6b6c3e9653d4b052ec114fbb8385c85d6a131,../vlm_four_scene_20260925/raw/qwen3.5-9b/original/Waterproof_Male/DSUB_Male.json,0.39080019999528304,A,0.9868854282735027,0.002358285461998431,0.00938460702420268,-0.013201327063143253,-6.049820423126221,-4.668684482574463,0.0013716792402962419,Waterproof_Male,DSUB_Male,,,,,,
baseline,3,True,qwen3.5:9b,state_202,Waterproof_Male,Waterproof connector,DSUB_Male,False,False,False,../vlm_four_scene_20260925/input_crops/state_202/DSUB_Male.png,7cc2d3860523df277d6407a141d1e6f5ac1825291a509806faae51c8b11dadd5,../vlm_four_scene_20260925/raw/qwen3.5-9b/state_202/Waterproof_Male/DSUB_Male.json,0.43325100000947714,A,0.9859501722088905,0.0017018903703650342,0.011560361668378457,-0.014149460941553116,-6.376015663146973,-4.4601731300354,0.0007875757523659876,Waterproof_Male,DSUB_Male,,,,,,
baseline,4,True,qwen3.5:9b,state_303,Gear_Small,Small gear,M16_Hex_Nut,False,False,False,../vlm_four_scene_20260925/input_crops/state_303/M16_Hex_Nut.png,833d5826b6258166aa076165f38a3b094d64d204a81c4b806c996e3191b00983,../vlm_four_scene_20260925/raw/qwen3.5-9b/state_303/Gear_Small/M16_Hex_Nut.json,0.35873919998994097,A,0.9823566667238991,0.0054702719214770185,0.01161675844386453,-0.0178008321672678,-5.2084269523620605,-4.455306529998779,0.0005563029107593653,gear,hex_nut,,,,,,
baseline,5,True,qwen3.5:9b,state_101,DSUB_Male,DSUB connector,USB_Male,False,False,True,../vlm_four_scene_20260925/input_crops/state_101/USB_Male.png,7543f2ca9e48d4553584300362014c6f331ab16c9b5e3b3c0e4184e22a6d517c,../vlm_four_scene_20260925/raw/qwen3.5-9b/state_101/DSUB_Male/USB_Male.json,0.40815390000352636,A,0.9800379267304664,0.003515936794099758,0.013940721568846844,-0.0201640073210001,-5.650449275970459,-4.2729411125183105,0.0025054149065869558,DSUB_Male,USB_Male,,,,,,
baseline,6,True,qwen3.5:9b,original,DSUB_Male,DSUB connector,USB_Male,False,False,False,../vlm_four_scene_20260925/input_crops/original/USB_Male.png,9655c4c73f92054fa731c1091211eb73e90cf928b613414b530d06f1a9f4647c,../vlm_four_scene_20260925/raw/qwen3.5-9b/original/DSUB_Male/USB_Male.json,0.32771099999081343,A,0.9787433737781875,0.006622287439482703,0.012032538666878633,-0.02148580178618431,-5.017314434051514,-4.420140743255615,0.0026018001154511916,DSUB_Male,USB_Male,,,,,,
baseline,7,True,qwen3.5:9b,state_101,Waterproof_Male,Waterproof connector,DSUB_Male,False,False,False,../vlm_four_scene_20260925/input_crops/state_101/DSUB_Male.png,4b33b962ebb9c6ee75c0ce865988e91fcba2f1bdbb964dd35e709db436634a24,../vlm_four_scene_20260925/raw/qwen3.5-9b/state_101/Waterproof_Male/DSUB_Male.json,0.38560849998611957,A,0.9784728283900588,0.0038783970003666364,0.01623986162860237,-0.021762261167168617,-5.552333354949951,-4.120286464691162,0.0014089129809722323,Waterproof_Male,DSUB_Male,,,,,,
baseline,8,True,qwen3.5:9b,state_101,Gear_Medium,Medium gear,M16_Hex_Nut,False,False,False,../vlm_four_scene_20260925/input_crops/state_101/M16_Hex_Nut.png,1c1870e789ce383e3b64a161e64f0093e715e0263666f4e81c66af34b957e0f0,../vlm_four_scene_20260925/raw/qwen3.5-9b/state_101/Gear_Medium/M16_Hex_Nut.json,0.3444665999850258,A,0.9781398764312801,0.003399471036335932,0.017845994726042067,-0.0221025962382555,-5.684135437011719,-4.025976181030273,0.0006146578063418451,gear,hex_nut,,,,,,
baseline,9,True,qwen3.5:9b,state_303,Gear_Large,Large gear,M12_Hex_Nut,False,False,False,../vlm_four_scene_20260925/input_crops/state_303/M12_Hex_Nut.png,baedfe7904344e7e4677127433e020ed849aa2b1eb60d26e01f65855ed1d0aca,../vlm_four_scene_20260925/raw/qwen3.5-9b/state_303/Gear_Large/M12_Hex_Nut.json,0.48866410000482574,A,0.9775283937483789,0.004910481082580905,0.016947082109046177,-0.02272794023156166,-5.316383361816406,-4.077659606933594,0.0006140430599941293,gear,hex_nut,,,,,,
baseline,10,True,qwen3.5:9b,original,Gear_Large,Large gear,M12_Hex_Nut,False,False,False,../vlm_four_scene_20260925/input_crops/original/M12_Hex_Nut.png,38c0f98390b534a6792efcbe2e21a4c07ceeeea957ea1c15c814989186114245,../vlm_four_scene_20260925/raw/qwen3.5-9b/original/Gear_Large/M12_Hex_Nut.json,0.4744317999575287,A,0.9770920881955736,0.004159934559721203,0.018081481719264776,-0.023174375295639038,-5.482255935668945,-4.012866973876953,0.0006664955254404026,gear,hex_nut,,,,,,
baseline,11,True,qwen3.5:9b,state_303,Gear_Large,Large gear,M16_Hex_Nut,False,False,False,../vlm_four_scene_20260925/input_crops/state_303/M16_Hex_Nut.png,833d5826b6258166aa076165f38a3b094d64d204a81c4b806c996e3191b00983,../vlm_four_scene_20260925/raw/qwen3.5-9b/state_303/Gear_Large/M16_Hex_Nut.json,0.5297465000185184,A,0.9768097997690707,0.007196357673038591,0.015198004412862726,-0.023463323712348938,-4.93418025970459,-4.186591148376465,0.0007958381450280383,gear,hex_nut,,,,,,
baseline,12,True,qwen3.5:9b,state_101,Gear_Small,Small gear,M16_Hex_Nut,False,False,False,../vlm_four_scene_20260925/input_crops/state_101/M16_Hex_Nut.png,1c1870e789ce383e3b64a161e64f0093e715e0263666f4e81c66af34b957e0f0,../vlm_four_scene_20260925/raw/qwen3.5-9b/state_101/Gear_Small/M16_Hex_Nut.json,0.3636903000297025,A,0.9758795506445681,0.004436173812716165,0.019124638315610776,-0.024416111409664154,-5.417963027954102,-3.956777811050415,0.0005596372271049477,gear,hex_nut,,,,,,
baseline,13,True,qwen3.5:9b,state_303,Gear_Medium,Medium gear,M16_Hex_Nut,False,False,False,../vlm_four_scene_20260925/input_crops/state_303/M16_Hex_Nut.png,833d5826b6258166aa076165f38a3b094d64d204a81c4b806c996e3191b00983,../vlm_four_scene_20260925/raw/qwen3.5-9b/state_303/Gear_Medium/M16_Hex_Nut.json,0.38007610000204295,A,0.975171566752523,0.007284686616865088,0.017006516777684742,-0.02514185756444931,-4.921980857849121,-4.074158668518066,0.0005372298529271458,gear,hex_nut,,,,,,
baseline,14,True,qwen3.5:9b,original,Gear_Medium,Medium gear,M12_Hex_Nut,False,False,False,../vlm_four_scene_20260925/input_crops/original/M12_Hex_Nut.png,38c0f98390b534a6792efcbe2e21a4c07ceeeea957ea1c15c814989186114245,../vlm_four_scene_20260925/raw/qwen3.5-9b/original/Gear_Medium/M12_Hex_Nut.json,0.35740660002920777,A,0.9741350416057112,0.005013149025493741,0.019660116912834532,-0.026205338537693024,-5.295691013336182,-3.9291632175445557,0.0011916924559605135,gear,hex_nut,,,,,,
baseline,15,True,qwen3.5:9b,state_202,DSUB_Male,DSUB connector,USB_Male,False,False,False,../vlm_four_scene_20260925/input_crops/state_202/USB_Male.png,a0c930dd9c5206a04601a466c9f68dc4c1e3f4ee1c0f97f37b0b950adec45985,../vlm_four_scene_20260925/raw/qwen3.5-9b/state_202/DSUB_Male/USB_Male.json,0.33711680001579225,A,0.9729553453292275,0.008890146957739686,0.015082522806118819,-0.02741709165275097,-4.722811698913574,-4.194218635559082,0.0030719849069140714,DSUB_Male,USB_Male,,,,,,
baseline,16,True,qwen3.5:9b,original,Gear_Small,Small gear,M12_Hex_Nut,False,False,False,../vlm_four_scene_20260925/input_crops/original/M12_Hex_Nut.png,38c0f98390b534a6792efcbe2e21a4c07ceeeea957ea1c15c814989186114245,../vlm_four_scene_20260925/raw/qwen3.5-9b/original/Gear_Small/M12_Hex_Nut.json,0.36434660002123564,A,0.9728611118240856,0.005330640260471749,0.021003900446552176,-0.02751394920051098,-5.234283924102783,-3.8630471229553223,0.000804347468890465,gear,hex_nut,,,,,,
baseline,17,True,qwen3.5:9b,state_101,Gear_Large,Large gear,M16_Hex_Nut,False,False,False,../vlm_four_scene_20260925/input_crops/state_101/M16_Hex_Nut.png,1c1870e789ce383e3b64a161e64f0093e715e0263666f4e81c66af34b957e0f0,../vlm_four_scene_20260925/raw/qwen3.5-9b/state_101/Gear_Large/M16_Hex_Nut.json,0.47647809999762103,A,0.9719576839269878,0.006065783434975174,0.020867847573508125,-0.02844301052391529,-5.105091571807861,-3.8695456981658936,0.0011086850645288804,gear,hex_nut,,,,,,
baseline,18,True,qwen3.5:9b,state_303,DSUB_Male,DSUB connector,USB_Male,False,False,True,../vlm_four_scene_20260925/input_crops/state_303/USB_Male.png,5a3874a9c4c9ea46017e36201d2d720bdf18ca97b04e8ef6860e4458139d0368,../vlm_four_scene_20260925/raw/qwen3.5-9b/state_303/DSUB_Male/USB_Male.json,0.42356399999698624,A,0.9718077770591151,0.00561044623924518,0.02097547584727315,-0.028597254306077957,-5.183125019073486,-3.864401340484619,0.001606300854366527,DSUB_Male,USB_Male,,,,,,
baseline,19,True,qwen3.5:9b,state_101,Waterproof_Male,Waterproof connector,USB_Male,False,False,True,../vlm_four_scene_20260925/input_crops/state_101/USB_Male.png,7543f2ca9e48d4553584300362014c6f331ab16c9b5e3b3c0e4184e22a6d517c,../vlm_four_scene_20260925/raw/qwen3.5-9b/state_101/Waterproof_Male/USB_Male.json,0.3328044000081718,A,0.970141410509952,0.007434834914139459,0.019146760936467996,-0.030313434079289436,-4.901578903198242,-3.9556217193603516,0.003276993639440673,Waterproof_Male,USB_Male,,,,,,
baseline,20,True,qwen3.5:9b,state_303,Gear_Medium,Medium gear,M12_Hex_Nut,False,False,False,../vlm_four_scene_20260925/input_crops/state_303/M12_Hex_Nut.png,baedfe7904344e7e4677127433e020ed849aa2b1eb60d26e01f65855ed1d0aca,../vlm_four_scene_20260925/raw/qwen3.5-9b/state_303/Gear_Medium/M12_Hex_Nut.json,0.3806923999800347,A,0.9696189764571796,0.008521731210377456,0.020912752967756004,-0.030852092429995537,-4.765135765075684,-3.867396116256714,0.0009465393646869158,gear,hex_nut,,,,,,
family_ablation,1,True,qwen3.5:9b,state_202,Waterproof_Male,Waterproof connector,DSUB_Male,False,False,False,../vlm_four_scene_20260925/input_crops/state_202/DSUB_Male.png,7cc2d3860523df277d6407a141d1e6f5ac1825291a509806faae51c8b11dadd5,qwen3.5-9b/responses/state_202/Waterproof_Male/DSUB_Male.json,0.44748199998866767,A,0.9988397955685835,0.00016836828522771816,0.0009017091429573679,-0.0011608779896050692,-8.689356803894043,-7.011218547821045,,Waterproof_Male,DSUB_Male,0.9988397955685835,0.9988397955685835,0.00016836828522771816,0.00016836828522771816,0.0009017091429573679,0.0009017091429573679
family_ablation,2,True,qwen3.5:9b,state_303,Waterproof_Male,Waterproof connector,DSUB_Male,False,False,False,../vlm_four_scene_20260925/input_crops/state_303/DSUB_Male.png,951cf97dc3898e2a3029bf7b3818dace43fcdf8abc4c737bf166e9942e4e2383,qwen3.5-9b/responses/state_303/Waterproof_Male/DSUB_Male.json,0.4582976999809034,A,0.9960899951072237,0.0006164632072963606,0.003085751408128097,-0.00391766894608736,-7.391511917114258,-5.7809600830078125,,Waterproof_Male,DSUB_Male,0.9960899951072237,0.9960899951072237,0.0006164632072963606,0.0006164632072963606,0.003085751408128097,0.003085751408128097
family_ablation,3,True,qwen3.5:9b,state_303,Waterproof_Male,Waterproof connector,M12_Hex_Nut,False,False,False,../vlm_four_scene_20260925/input_crops/state_303/M12_Hex_Nut.png,baedfe7904344e7e4677127433e020ed849aa2b1eb60d26e01f65855ed1d0aca,qwen3.5-9b/responses/state_303/Waterproof_Male/M12_Hex_Nut.json,0.4559125999803655,A,0.9573392866892767,0.007858376910616579,0.03404354652298074,-0.04359741881489754,-4.846175193786621,-3.380114793777466,,Waterproof_Male,hex_nut,0.9573392866892767,0.9573392866892767,0.007858376910616579,0.007858376910616579,0.03404354652298074,0.03404354652298074
family_ablation,4,True,qwen3.5:9b,state_303,Gear_Large,Large gear,M12_Hex_Nut,False,False,False,../vlm_four_scene_20260925/input_crops/state_303/M12_Hex_Nut.png,baedfe7904344e7e4677127433e020ed849aa2b1eb60d26e01f65855ed1d0aca,qwen3.5-9b/responses/state_303/Gear_Large/M12_Hex_Nut.json,0.43214790005004033,A,0.9352989204445218,0.015542198176584808,0.048434157433660516,-0.06688909977674484,-4.164196491241455,-3.027549982070923,,gear,hex_nut,0.9352989204445218,0.9352989204445218,0.015542198176584808,0.015542198176584808,0.048434157433660516,0.048434157433660516
family_ablation,5,True,qwen3.5:9b,state_303,Gear_Medium,Medium gear,M12_Hex_Nut,False,False,False,../vlm_four_scene_20260925/input_crops/state_303/M12_Hex_Nut.png,baedfe7904344e7e4677127433e020ed849aa2b1eb60d26e01f65855ed1d0aca,qwen3.5-9b/responses/state_303/Gear_Medium/M12_Hex_Nut.json,0.08117819996550679,A,0.9352989204445218,0.015542198176584808,0.048434157433660516,-0.06688909977674484,-4.164196491241455,-3.027549982070923,,gear,hex_nut,0.9352989204445218,0.9352989204445218,0.015542198176584808,0.015542198176584808,0.048434157433660516,0.048434157433660516
family_ablation,6,True,qwen3.5:9b,state_303,Gear_Small,Small gear,M12_Hex_Nut,False,False,False,../vlm_four_scene_20260925/input_crops/state_303/M12_Hex_Nut.png,baedfe7904344e7e4677127433e020ed849aa2b1eb60d26e01f65855ed1d0aca,qwen3.5-9b/responses/state_303/Gear_Small/M12_Hex_Nut.json,0.05857689998811111,A,0.9352989204445218,0.015542198176584808,0.048434157433660516,-0.06688909977674484,-4.164196491241455,-3.027549982070923,,gear,hex_nut,0.9352989204445218,0.9352989204445218,0.015542198176584808,0.015542198176584808,0.048434157433660516,0.048434157433660516
family_ablation,7,True,qwen3.5:9b,original,Waterproof_Male,Waterproof connector,DSUB_Male,False,False,False,../vlm_four_scene_20260925/input_crops/original/DSUB_Male.png,c494876a69ee4e893be510f226d6b6c3e9653d4b052ec114fbb8385c85d6a131,qwen3.5-9b/responses/original/Waterproof_Male/DSUB_Male.json,0.4407721000025049,A,0.9339820176644191,0.03489608012055954,0.030012325063943652,-0.0682980939745903,-3.3553807735443115,-3.5061471462249756,,Waterproof_Male,DSUB_Male,0.9339820176644191,0.9339820176644191,0.03489608012055954,0.03489608012055954,0.030012325063943652,0.030012325063943652
family_ablation,8,True,qwen3.5:9b,state_101,Waterproof_Male,Waterproof connector,M12_Hex_Nut,False,False,False,../vlm_four_scene_20260925/input_crops/state_101/M12_Hex_Nut.png,fc0054b5fbb5338ab9f90350cd4862942de04ae395620638929e2b1b38c1e229,qwen3.5-9b/responses/state_101/Waterproof_Male/M12_Hex_Nut.json,0.44411589996889234,A,0.865535554658295,0.014971195043882996,0.11832087466878329,-0.14440682530403137,-4.201627254486084,-2.134355068206787,,Waterproof_Male,hex_nut,0.865535554658295,0.865535554658295,0.014971195043882996,0.014971195043882996,0.11832087466878329,0.11832087466878329
family_ablation,9,True,qwen3.5:9b,state_303,DSUB_Male,DSUB connector,USB_Male,False,False,True,../vlm_four_scene_20260925/input_crops/state_303/USB_Male.png,5a3874a9c4c9ea46017e36201d2d720bdf18ca97b04e8ef6860e4458139d0368,qwen3.5-9b/responses/state_303/DSUB_Male/USB_Male.json,0.6105479000252672,A,0.8637992206522298,0.060381017256090665,0.07391971795568501,-0.14641492068767548,-2.8070805072784424,-2.6047756671905518,,DSUB_Male,USB_Male,0.8637992206522298,0.8637992206522298,0.060381017256090665,0.060381017256090665,0.07391971795568501,0.07391971795568501
family_ablation,10,True,qwen3.5:9b,state_101,DSUB_Male,DSUB connector,USB_Male,False,False,True,../vlm_four_scene_20260925/input_crops/state_101/USB_Male.png,7543f2ca9e48d4553584300362014c6f331ab16c9b5e3b3c0e4184e22a6d517c,qwen3.5-9b/responses/state_101/DSUB_Male/USB_Male.json,0.5543971000006422,A,0.8226667640498193,0.1057455440305859,0.0694632048210105,-0.19520406424999237,-2.2467195987701416,-2.6669580936431885,,DSUB_Male,USB_Male,0.8226667640498193,0.8226667640498193,0.1057455440305859,0.1057455440305859,0.0694632048210105,0.0694632048210105
family_ablation,11,True,qwen3.5:9b,state_202,DSUB_Male,DSUB connector,USB_Male,False,False,False,../vlm_four_scene_20260925/input_crops/state_202/USB_Male.png,a0c930dd9c5206a04601a466c9f68dc4c1e3f4ee1c0f97f37b0b950adec45985,qwen3.5-9b/responses/state_202/DSUB_Male/USB_Male.json,0.6533136999933049,A,0.8111661072462046,0.10370812733965443,0.08343217469904189,-0.20928242802619934,-2.266174793243408,-2.4837212562561035,,DSUB_Male,USB_Male,0.8111661072462046,0.8111661072462046,0.10370812733965443,0.10370812733965443,0.08343217469904189,0.08343217469904189
family_ablation,12,True,qwen3.5:9b,state_101,Gear_Large,Large gear,M16_Hex_Nut,False,False,False,../vlm_four_scene_20260925/input_crops/state_101/M16_Hex_Nut.png,1c1870e789ce383e3b64a161e64f0093e715e0263666f4e81c66af34b957e0f0,qwen3.5-9b/responses/state_101/Gear_Large/M16_Hex_Nut.json,0.45748270000331104,A,0.7962576130052365,0.03269566055393578,0.16939144929209993,-0.22783251106739044,-3.4205129146575928,-1.775542974472046,,gear,hex_nut,0.7962576130052365,0.7962576130052365,0.03269566055393578,0.03269566055393578,0.16939144929209993,0.16939144929209993
family_ablation,13,True,qwen3.5:9b,state_101,Gear_Medium,Medium gear,M16_Hex_Nut,False,False,False,../vlm_four_scene_20260925/input_crops/state_101/M16_Hex_Nut.png,1c1870e789ce383e3b64a161e64f0093e715e0263666f4e81c66af34b957e0f0,qwen3.5-9b/responses/state_101/Gear_Medium/M16_Hex_Nut.json,0.06024389999220148,A,0.7962576130052365,0.03269566055393578,0.16939144929209993,-0.22783251106739044,-3.4205129146575928,-1.775542974472046,,gear,hex_nut,0.7962576130052365,0.7962576130052365,0.03269566055393578,0.03269566055393578,0.16939144929209993,0.16939144929209993
family_ablation,14,True,qwen3.5:9b,state_101,Gear_Small,Small gear,M16_Hex_Nut,False,False,False,../vlm_four_scene_20260925/input_crops/state_101/M16_Hex_Nut.png,1c1870e789ce383e3b64a161e64f0093e715e0263666f4e81c66af34b957e0f0,qwen3.5-9b/responses/state_101/Gear_Small/M16_Hex_Nut.json,0.05727249995106831,A,0.7962576130052365,0.03269566055393578,0.16939144929209993,-0.22783251106739044,-3.4205129146575928,-1.775542974472046,,gear,hex_nut,0.7962576130052365,0.7962576130052365,0.03269566055393578,0.03269566055393578,0.16939144929209993,0.16939144929209993
family_ablation,15,True,qwen3.5:9b,state_101,RGOCG16-50_16mm,16 mm round pin,M12_Hex_Nut,False,False,False,../vlm_four_scene_20260925/input_crops/state_101/M12_Hex_Nut.png,fc0054b5fbb5338ab9f90350cd4862942de04ae395620638929e2b1b38c1e229,qwen3.5-9b/responses/state_101/RGOCG16-50_16mm/M12_Hex_Nut.json,0.4469047000166029,A,0.7467663804038952,0.022092134980843264,0.22988853390399824,-0.2920028865337372,-3.8125336170196533,-1.470160722732544,,round_pin,hex_nut,0.7467663804038952,0.7467663804038952,0.022092134980843264,0.022092134980843264,0.22988853390399824,0.22988853390399824
family_ablation,16,True,qwen3.5:9b,state_101,RGOCG12-50_12mm,12 mm round pin,M12_Hex_Nut,False,False,False,../vlm_four_scene_20260925/input_crops/state_101/M12_Hex_Nut.png,fc0054b5fbb5338ab9f90350cd4862942de04ae395620638929e2b1b38c1e229,qwen3.5-9b/responses/state_101/RGOCG12-50_12mm/M12_Hex_Nut.json,0.05554680002387613,A,0.7467663804038952,0.022092134980843264,0.22988853390399824,-0.2920028865337372,-3.8125336170196533,-1.470160722732544,,round_pin,hex_nut,0.7467663804038952,0.7467663804038952,0.022092134980843264,0.022092134980843264,0.22988853390399824,0.22988853390399824
family_ablation,17,True,qwen3.5:9b,state_101,RGOCG8-50_8mm,8 mm round pin,M12_Hex_Nut,False,False,False,../vlm_four_scene_20260925/input_crops/state_101/M12_Hex_Nut.png,fc0054b5fbb5338ab9f90350cd4862942de04ae395620638929e2b1b38c1e229,qwen3.5-9b/responses/state_101/RGOCG8-50_8mm/M12_Hex_Nut.json,0.054492699971888214,A,0.7467663804038952,0.022092134980843264,0.22988853390399824,-0.2920028865337372,-3.8125336170196533,-1.470160722732544,,round_pin,hex_nut,0.7467663804038952,0.7467663804038952,0.022092134980843264,0.022092134980843264,0.22988853390399824,0.22988853390399824
family_ablation,18,True,qwen3.5:9b,state_101,DSUB_Male,DSUB connector,Waterproof_Male,False,False,False,../vlm_four_scene_20260925/input_crops/state_101/Waterproof_Male.png,8e27ec495e8bd49a326cc5c753e41d2240a99cc4d77374a337104a466e01f88f,qwen3.5-9b/responses/state_101/DSUB_Male/Waterproof_Male.json,0.4539179999846965,A,0.745054836894706,0.1430896613096658,0.1089457879627667,-0.294297456741333,-1.9442838430404663,-2.216904878616333,,DSUB_Male,Waterproof_Male,0.745054836894706,0.745054836894706,0.1430896613096658,0.1430896613096658,0.1089457879627667,0.1089457879627667
family_ablation,19,True,qwen3.5:9b,original,DSUB_Male,DSUB connector,USB_Male,False,False,False,../vlm_four_scene_20260925/input_crops/original/USB_Male.png,9655c4c73f92054fa731c1091211eb73e90cf928b613414b530d06f1a9f4647c,qwen3.5-9b/responses/original/DSUB_Male/USB_Male.json,0.6356088000466116,A,0.7301738331964931,0.15446218686739419,0.11344881391649521,-0.31447264552116394,-1.8678059577941895,-2.176403522491455,,DSUB_Male,USB_Male,0.7301738331964931,0.7301738331964931,0.15446218686739419,0.15446218686739419,0.11344881391649521,0.11344881391649521
family_ablation,20,True,qwen3.5:9b,state_202,DSUB_Male,DSUB connector,Waterproof_Male,False,False,False,../vlm_four_scene_20260925/input_crops/state_202/Waterproof_Male.png,7cc62a5ff425def58574827d00781d4317eb510bf765d2165d2b375c4555a81c,qwen3.5-9b/responses/state_202/DSUB_Male/Waterproof_Male.json,0.44699470000341535,A,0.7261546905716522,0.09480397708495923,0.1756222011466986,-0.31999221444129944,-2.3559439182281494,-1.7394201755523682,,DSUB_Male,Waterproof_Male,0.7261546905716522,0.7261546905716522,0.09480397708495923,0.09480397708495923,0.1756222011466986,0.1756222011466986
baseline,1,True,gemma4:12b,state_303,Waterproof_Male,Waterproof connector,DSUB_Male,False,False,False,../vlm_four_scene_20260925/input_crops/state_303/DSUB_Male.png,951cf97dc3898e2a3029bf7b3818dace43fcdf8abc4c737bf166e9942e4e2383,../vlm_four_scene_20260925/raw/gemma4-12b/state_303/Waterproof_Male/DSUB_Male.json,1.2485618999926373,A,0.9999980926513672,8.365931585732488e-07,1.0351453254637849e-08,-1.9073504518019035e-06,-13.993927955627441,-18.386138916015625,,Waterproof_Male,DSUB_Male,0.9999980926513672,0.9999980926513672,8.365931585732488e-07,8.365931585732488e-07,1.0351453254637849e-08,1.0351453254637849e-08
baseline,2,True,gemma4:12b,state_202,Waterproof_Male,Waterproof connector,DSUB_Male,False,False,False,../vlm_four_scene_20260925/input_crops/state_202/DSUB_Male.png,7cc2d3860523df277d6407a141d1e6f5ac1825291a509806faae51c8b11dadd5,../vlm_four_scene_20260925/raw/gemma4-12b/state_202/Waterproof_Male/DSUB_Male.json,1.25915299996268,A,0.9999970197676546,9.007713533510968e-07,1.1309781285789626e-08,-2.98023678624304e-06,-13.920014381408691,-18.297597885131836,,Waterproof_Male,DSUB_Male,0.9999970197676546,0.9999970197676546,9.007713533510968e-07,9.007713533510968e-07,1.1309781285789626e-08,1.1309781285789626e-08
baseline,3,True,gemma4:12b,original,Waterproof_Male,Waterproof connector,DSUB_Male,False,False,False,../vlm_four_scene_20260925/input_crops/original/DSUB_Male.png,c494876a69ee4e893be510f226d6b6c3e9653d4b052ec114fbb8385c85d6a131,../vlm_four_scene_20260925/raw/gemma4-12b/original/Waterproof_Male/DSUB_Male.json,1.2685233000083826,A,0.9999938011170572,5.4218036777956545e-06,1.4742691229348902e-08,-6.198902156029362e-06,-12.125082015991211,-18.03251838684082,,Waterproof_Male,DSUB_Male,0.9999938011170572,0.9999938011170572,5.4218036777956545e-06,5.4218036777956545e-06,1.4742691229348902e-08,1.4742691229348902e-08
baseline,4,True,gemma4:12b,state_101,Waterproof_Male,Waterproof connector,DSUB_Male,False,False,False,../vlm_four_scene_20260925/input_crops/state_101/DSUB_Male.png,4b33b962ebb9c6ee75c0ce865988e91fcba2f1bdbb964dd35e709db436634a24,../vlm_four_scene_20260925/raw/gemma4-12b/state_101/Waterproof_Male/DSUB_Male.json,1.320412100001704,A,0.9999897480009,9.581910644256275e-06,2.3557495364946848e-08,-1.025205165205989e-05,-11.555633544921875,-17.56382179260254,,Waterproof_Male,DSUB_Male,0.9999897480009,0.9999897480009,9.581910644256275e-06,9.581910644256275e-06,2.3557495364946848e-08,2.3557495364946848e-08
baseline,5,True,gemma4:12b,state_303,Gear_Large,Large gear,M16_Hex_Nut,False,False,False,../vlm_four_scene_20260925/input_crops/state_303/M16_Hex_Nut.png,833d5826b6258166aa076165f38a3b094d64d204a81c4b806c996e3191b00983,../vlm_four_scene_20260925/raw/gemma4-12b/state_303/Gear_Large/M16_Hex_Nut.json,1.1781639999826439,A,0.9999791383736566,2.0018525770583656e-05,3.1756416071684415e-08,-2.0861843950115144e-05,-10.818852424621582,-17.26517105102539,,gear,hex_nut,0.9999791383736566,0.9999791383736566,2.0018525770583656e-05,2.0018525770583656e-05,3.1756416071684415e-08,3.1756416071684415e-08
baseline,6,True,gemma4:12b,original,Gear_Large,Large gear,M12_Hex_Nut,False,False,False,../vlm_four_scene_20260925/input_crops/original/M12_Hex_Nut.png,38c0f98390b534a6792efcbe2e21a4c07ceeeea957ea1c15c814989186114245,../vlm_four_scene_20260925/raw/gemma4-12b/original/Gear_Large/M12_Hex_Nut.json,1.2513189999735914,A,0.9999728202821028,2.696357301948611e-05,3.3247509830469635e-08,-2.7180087272427045e-05,-10.521023750305176,-17.21928596496582,,gear,hex_nut,0.9999728202821028,0.9999728202821028,2.696357301948611e-05,2.696357301948611e-05,3.3247509830469635e-08,3.3247509830469635e-08
baseline,7,True,gemma4:12b,original,Gear_Small,Small gear,M12_Hex_Nut,False,False,False,../vlm_four_scene_20260925/input_crops/original/M12_Hex_Nut.png,38c0f98390b534a6792efcbe2e21a4c07ceeeea957ea1c15c814989186114245,../vlm_four_scene_20260925/raw/gemma4-12b/original/Gear_Small/M12_Hex_Nut.json,1.235007699986454,A,0.9999718666068776,2.7826785613544136e-05,4.9127356792866164e-08,-2.8133788873674348e-05,-10.489511489868164,-16.82884979248047,,gear,hex_nut,0.9999718666068776,0.9999718666068776,2.7826785613544136e-05,2.7826785613544136e-05,4.9127356792866164e-08,4.9127356792866164e-08
baseline,8,True,gemma4:12b,state_303,RGOCG8-50_8mm,8 mm round pin,DSUB_Male,False,False,False,../vlm_four_scene_20260925/input_crops/state_303/DSUB_Male.png,951cf97dc3898e2a3029bf7b3818dace43fcdf8abc4c737bf166e9942e4e2383,../vlm_four_scene_20260925/raw/gemma4-12b/state_303/RGOCG8-50_8mm/DSUB_Male.json,0.8199353000381961,A,0.9999718666068776,2.674886803143206e-05,1.2387809529529587e-07,-2.8133788873674348e-05,-10.52901840209961,-15.90396785736084,,round_pin,DSUB_Male,0.9999718666068776,0.9999718666068776,2.674886803143206e-05,2.674886803143206e-05,1.2387809529529587e-07,1.2387809529529587e-07
baseline,9,True,gemma4:12b,original,Gear_Large,Large gear,M16_Hex_Nut,False,False,False,../vlm_four_scene_20260925/input_crops/original/M16_Hex_Nut.png,4ba340c5f9b0438cf39ee0b2a365c9fca0767eaad2c4a4642c4a0ade665bff5c,../vlm_four_scene_20260925/raw/gemma4-12b/original/Gear_Large/M16_Hex_Nut.json,1.2017522000242025,A,0.9999716281895776,2.8179324146775267e-05,3.31711829932912e-08,-2.837221290974412e-05,-10.476922035217285,-17.22158432006836,,gear,hex_nut,0.9999716281895776,0.9999716281895776,2.8179324146775267e-05,2.8179324146775267e-05,3.31711829932912e-08,3.31711829932912e-08
baseline,10,True,gemma4:12b,state_303,Gear_Large,Large gear,M12_Hex_Nut,False,False,False,../vlm_four_scene_20260925/input_crops/state_303/M12_Hex_Nut.png,baedfe7904344e7e4677127433e020ed849aa2b1eb60d26e01f65855ed1d0aca,../vlm_four_scene_20260925/raw/gemma4-12b/state_303/Gear_Large/M12_Hex_Nut.json,1.1887671000440605,A,0.999969601631181,3.0158110574735496e-05,1.7275743963011973e-08,-3.039883085875772e-05,-10.409056663513184,-17.87396240234375,,gear,hex_nut,0.999969601631181,0.999969601631181,3.0158110574735496e-05,3.0158110574735496e-05,1.7275743963011973e-08,1.7275743963011973e-08
baseline,11,True,gemma4:12b,state_303,RGOCG16-50_16mm,16 mm round pin,DSUB_Male,False,False,False,../vlm_four_scene_20260925/input_crops/state_303/DSUB_Male.png,951cf97dc3898e2a3029bf7b3818dace43fcdf8abc4c737bf166e9942e4e2383,../vlm_four_scene_20260925/raw/gemma4-12b/state_303/RGOCG16-50_16mm/DSUB_Male.json,1.0115491999895312,A,0.9999636411655733,3.4656070562587926e-05,1.0534001673872853e-07,-3.635949542513117e-05,-10.270037651062012,-16.066072463989258,,round_pin,DSUB_Male,0.9999636411655733,0.9999636411655733,3.4656070562587926e-05,3.4656070562587926e-05,1.0534001673872853e-07,1.0534001673872853e-07
baseline,12,True,gemma4:12b,state_101,Gear_Small,Small gear,M12_Hex_Nut,False,False,False,../vlm_four_scene_20260925/input_crops/state_101/M12_Hex_Nut.png,fc0054b5fbb5338ab9f90350cd4862942de04ae395620638929e2b1b38c1e229,../vlm_four_scene_20260925/raw/gemma4-12b/state_101/Gear_Small/M12_Hex_Nut.json,1.165730300010182,A,0.9999599456769135,3.9072295648214665e-05,7.555311858872026e-08,-4.005512528237887e-05,-10.150096893310547,-16.39842987060547,,gear,hex_nut,0.9999599456769135,0.9999599456769135,3.9072295648214665e-05,3.9072295648214665e-05,7.555311858872026e-08,7.555311858872026e-08
baseline,13,True,gemma4:12b,state_303,Gear_Small,Small gear,M12_Hex_Nut,False,False,False,../vlm_four_scene_20260925/input_crops/state_303/M12_Hex_Nut.png,baedfe7904344e7e4677127433e020ed849aa2b1eb60d26e01f65855ed1d0aca,../vlm_four_scene_20260925/raw/gemma4-12b/state_303/Gear_Small/M12_Hex_Nut.json,1.1817704999702983,A,0.9999597072606368,4.010195682032289e-05,5.101630603358848e-08,-4.0293551137438044e-05,-10.124085426330566,-16.791120529174805,,gear,hex_nut,0.9999597072606368,0.9999597072606368,4.010195682032289e-05,4.010195682032289e-05,5.101630603358848e-08,5.101630603358848e-08
baseline,14,True,gemma4:12b,state_303,Gear_Medium,Medium gear,M12_Hex_Nut,False,False,False,../vlm_four_scene_20260925/input_crops/state_303/M12_Hex_Nut.png,baedfe7904344e7e4677127433e020ed849aa2b1eb60d26e01f65855ed1d0aca,../vlm_four_scene_20260925/raw/gemma4-12b/state_303/Gear_Medium/M12_Hex_Nut.json,1.1225060999859124,A,0.9999592304246162,4.06683385103669e-05,3.6705248935906036e-08,-4.0770406485535204e-05,-10.110060691833496,-17.120346069335938,,gear,hex_nut,0.9999592304246162,0.9999592304246162,4.06683385103669e-05,4.06683385103669e-05,3.6705248935906036e-08,3.6705248935906036e-08
baseline,15,True,gemma4:12b,state_101,Gear_Medium,Medium gear,M12_Hex_Nut,False,False,False,../vlm_four_scene_20260925/input_crops/state_101/M12_Hex_Nut.png,fc0054b5fbb5338ab9f90350cd4862942de04ae395620638929e2b1b38c1e229,../vlm_four_scene_20260925/raw/gemma4-12b/state_101/Gear_Medium/M12_Hex_Nut.json,1.1124012999935076,A,0.9999588727968405,3.9999707656058393e-05,1.577641425135852e-07,-4.1128048906102777e-05,-10.126638412475586,-15.662164688110352,,gear,hex_nut,0.9999588727968405,0.9999588727968405,3.9999707656058393e-05,3.9999707656058393e-05,1.577641425135852e-07,1.577641425135852e-07
baseline,16,True,gemma4:12b,original,Gear_Medium,Medium gear,M12_Hex_Nut,False,False,False,../vlm_four_scene_20260925/input_crops/original/M12_Hex_Nut.png,38c0f98390b534a6792efcbe2e21a4c07ceeeea957ea1c15c814989186114245,../vlm_four_scene_20260925/raw/gemma4-12b/original/Gear_Medium/M12_Hex_Nut.json,1.18261999997776,A,0.9999536275847567,4.618846545414164e-05,1.9288114125364735e-08,-4.6373490476980805e-05,-9.982780456542969,-17.763776779174805,,gear,hex_nut,0.9999536275847567,0.9999536275847567,4.618846545414164e-05,4.618846545414164e-05,1.9288114125364735e-08,1.9288114125364735e-08
baseline,17,True,gemma4:12b,state_101,Gear_Large,Large gear,M12_Hex_Nut,False,False,False,../vlm_four_scene_20260925/input_crops/state_101/M12_Hex_Nut.png,fc0054b5fbb5338ab9f90350cd4862942de04ae395620638929e2b1b38c1e229,../vlm_four_scene_20260925/raw/gemma4-12b/state_101/Gear_Large/M12_Hex_Nut.json,1.173333500046283,A,0.9999477863301158,5.108697957826208e-05,7.922536576636731e-08,-5.221503306529485e-05,-9.881980895996094,-16.350969314575195,,gear,hex_nut,0.9999477863301158,0.9999477863301158,5.108697957826208e-05,5.108697957826208e-05,7.922536576636731e-08,7.922536576636731e-08
baseline,18,True,gemma4:12b,state_303,Gear_Medium,Medium gear,M16_Hex_Nut,False,False,False,../vlm_four_scene_20260925/input_crops/state_303/M16_Hex_Nut.png,833d5826b6258166aa076165f38a3b094d64d204a81c4b806c996e3191b00983,../vlm_four_scene_20260925/raw/gemma4-12b/state_303/Gear_Medium/M16_Hex_Nut.json,1.1437309000175446,A,0.99994683265512,5.249755517640328e-05,6.187177419065849e-08,-5.3168758313404396e-05,-9.854743957519531,-16.598201751708984,,gear,hex_nut,0.99994683265512,0.99994683265512,5.249755517640328e-05,5.249755517640328e-05,6.187177419065849e-08,6.187177419065849e-08
baseline,19,True,gemma4:12b,state_101,Gear_Large,Large gear,M16_Hex_Nut,False,False,False,../vlm_four_scene_20260925/input_crops/state_101/M16_Hex_Nut.png,1c1870e789ce383e3b64a161e64f0093e715e0263666f4e81c66af34b957e0f0,../vlm_four_scene_20260925/raw/gemma4-12b/state_101/Gear_Large/M16_Hex_Nut.json,1.1731723000411876,A,0.9999431371703736,5.644726749393318e-05,5.2770438389756833e-08,-5.6864446378313005e-05,-9.782203674316406,-16.757314682006836,,gear,hex_nut,0.9999431371703736,0.9999431371703736,5.644726749393318e-05,5.644726749393318e-05,5.2770438389756833e-08,5.2770438389756833e-08
baseline,20,True,gemma4:12b,state_101,Waterproof_Male,Waterproof connector,M12_Hex_Nut,False,False,False,../vlm_four_scene_20260925/input_crops/state_101/M12_Hex_Nut.png,fc0054b5fbb5338ab9f90350cd4862942de04ae395620638929e2b1b38c1e229,../vlm_four_scene_20260925/raw/gemma4-12b/state_101/Waterproof_Male/M12_Hex_Nut.json,1.2710872000316158,A,0.9999319314986775,6.751692519245364e-05,1.0220250365590903e-07,-6.80708180880174e-05,-9.603132247924805,-16.096309661865234,,Waterproof_Male,hex_nut,0.9999319314986775,0.9999319314986775,6.751692519245364e-05,6.751692519245364e-05,1.0220250365590903e-07,1.0220250365590903e-07
family_ablation,1,True,gemma4:12b,state_202,Waterproof_Male,Waterproof connector,DSUB_Male,False,False,False,../vlm_four_scene_20260925/input_crops/state_202/DSUB_Male.png,7cc2d3860523df277d6407a141d1e6f5ac1825291a509806faae51c8b11dadd5,gemma4-12b/responses/state_202/Waterproof_Male/DSUB_Male.json,1.1465626999852248,A,0.999996304512031,1.966933592259415e-07,1.364788087913536e-07,-3.695494797284482e-06,-15.441619873046875,-15.807096481323242,,Waterproof_Male,DSUB_Male,0.999996304512031,0.999996304512031,1.966933592259415e-07,1.966933592259415e-07,1.364788087913536e-07,1.364788087913536e-07
family_ablation,2,True,gemma4:12b,original,Waterproof_Male,Waterproof connector,DSUB_Male,False,False,False,../vlm_four_scene_20260925/input_crops/original/DSUB_Male.png,c494876a69ee4e893be510f226d6b6c3e9653d4b052ec114fbb8385c85d6a131,gemma4-12b/responses/original/Waterproof_Male/DSUB_Male.json,1.147320399992168,A,0.9999954700467981,6.524210863998728e-07,1.95778781798367e-07,-4.529963462118758e-06,-14.242575645446777,-15.446280479431152,,Waterproof_Male,DSUB_Male,0.9999954700467981,0.9999954700467981,6.524210863998728e-07,6.524210863998728e-07,1.95778781798367e-07,1.95778781798367e-07
family_ablation,3,True,gemma4:12b,state_303,Waterproof_Male,Waterproof connector,DSUB_Male,False,False,False,../vlm_four_scene_20260925/input_crops/state_303/DSUB_Male.png,951cf97dc3898e2a3029bf7b3818dace43fcdf8abc4c737bf166e9942e4e2383,gemma4-12b/responses/state_303/Waterproof_Male/DSUB_Male.json,1.1542730000219308,A,0.9999930858610072,2.0096050664298965e-07,1.265755768274592e-07,-6.9141628955549095e-06,-15.420157432556152,-15.882426261901855,,Waterproof_Male,DSUB_Male,0.9999930858610072,0.9999930858610072,2.0096050664298965e-07,2.0096050664298965e-07,1.265755768274592e-07,1.265755768274592e-07
family_ablation,4,True,gemma4:12b,state_101,DSUB_Male,DSUB connector,USB_Male,False,False,True,../vlm_four_scene_20260925/input_crops/state_101/USB_Male.png,7543f2ca9e48d4553584300362014c6f331ab16c9b5e3b3c0e4184e22a6d517c,gemma4-12b/responses/state_101/DSUB_Male/USB_Male.json,1.13488749996759,A,0.9999918937684245,5.67380335772489e-06,5.509403928659281e-07,-8.106264431262389e-06,-12.07965087890625,-14.411639213562012,,DSUB_Male,USB_Male,0.9999918937684245,0.9999918937684245,5.67380335772489e-06,5.67380335772489e-06,5.509403928659281e-07,5.509403928659281e-07
family_ablation,5,True,gemma4:12b,state_303,DSUB_Male,DSUB connector,USB_Male,False,False,True,../vlm_four_scene_20260925/input_crops/state_303/USB_Male.png,5a3874a9c4c9ea46017e36201d2d720bdf18ca97b04e8ef6860e4458139d0368,gemma4-12b/responses/state_303/DSUB_Male/USB_Male.json,1.1883366000256501,A,0.9999864101405658,1.095874912777517e-05,1.1546262537299908e-06,-1.3589951777248643e-05,-11.421372413635254,-13.671733856201172,,DSUB_Male,USB_Male,0.9999864101405658,0.9999864101405658,1.095874912777517e-05,1.095874912777517e-05,1.1546262537299908e-06,1.1546262537299908e-06
family_ablation,6,True,gemma4:12b,original,DSUB_Male,DSUB connector,USB_Male,False,False,False,../vlm_four_scene_20260925/input_crops/original/USB_Male.png,9655c4c73f92054fa731c1091211eb73e90cf928b613414b530d06f1a9f4647c,gemma4-12b/responses/original/DSUB_Male/USB_Male.json,1.1195010999799706,A,0.9999655485157953,2.7860668318492904e-05,3.7716679007201362e-06,-3.445207767072134e-05,-10.48829460144043,-12.487993240356445,,DSUB_Male,USB_Male,0.9999655485157953,0.9999655485157953,2.7860668318492904e-05,2.7860668318492904e-05,3.7716679007201362e-06,3.7716679007201362e-06
family_ablation,7,True,gemma4:12b,state_202,DSUB_Male,DSUB connector,USB_Male,False,False,False,../vlm_four_scene_20260925/input_crops/state_202/USB_Male.png,a0c930dd9c5206a04601a466c9f68dc4c1e3f4ee1c0f97f37b0b950adec45985,gemma4-12b/responses/state_202/DSUB_Male/USB_Male.json,1.1249182000174187,A,0.99995839595758,3.1359712378795665e-05,6.986062428836468e-06,-4.1604907892178744e-05,-10.369986534118652,-11.871593475341797,,DSUB_Male,USB_Male,0.99995839595758,0.99995839595758,3.1359712378795665e-05,3.1359712378795665e-05,6.986062428836468e-06,6.986062428836468e-06
family_ablation,8,True,gemma4:12b,original,USB_Male,USB connector + cable,DSUB_Male,False,False,False,../vlm_four_scene_20260925/input_crops/original/DSUB_Male.png,c494876a69ee4e893be510f226d6b6c3e9653d4b052ec114fbb8385c85d6a131,gemma4-12b/responses/original/USB_Male/DSUB_Male.json,1.0939361000200734,A,0.9996616840307788,0.000310698128064791,2.6873107338879957e-05,-0.0003383732109796256,-8.076688766479492,-10.524384498596191,,USB_Male,DSUB_Male,0.9996616840307788,0.9996616840307788,0.000310698128064791,0.000310698128064791,2.6873107338879957e-05,2.6873107338879957e-05
family_ablation,9,True,gemma4:12b,state_101,DSUB_Male,DSUB connector,Waterproof_Male,False,False,False,../vlm_four_scene_20260925/input_crops/state_101/Waterproof_Male.png,8e27ec495e8bd49a326cc5c753e41d2240a99cc4d77374a337104a466e01f88f,gemma4-12b/responses/state_101/DSUB_Male/Waterproof_Male.json,1.2080984999774955,A,0.9994627833342147,0.0003466810417946472,0.00018946897866798968,-0.0005373610183596611,-7.967105388641357,-8.571285247802734,,DSUB_Male,Waterproof_Male,0.9994627833342147,0.9994627833342147,0.0003466810417946472,0.0003466810417946472,0.00018946897866798968,0.00018946897866798968
family_ablation,10,True,gemma4:12b,state_202,Waterproof_Male,Waterproof connector,M16_Hex_Nut,False,False,False,../vlm_four_scene_20260925/input_crops/state_202/M16_Hex_Nut.png,0ba075552bcc00319db0033a5921c1693c2dd389f4f45ec5db2d02ec76429ef3,gemma4-12b/responses/state_202/Waterproof_Male/M16_Hex_Nut.json,1.1715924000018276,A,0.9993218183260785,0.00025111335823258896,0.0004257825032876596,-0.0006784117431379855,-8.289606094360352,-7.761581897735596,,Waterproof_Male,hex_nut,0.9993218183260785,0.9993218183260785,0.00025111335823258896,0.00025111335823258896,0.0004257825032876596,0.0004257825032876596
family_ablation,11,True,gemma4:12b,state_202,DSUB_Male,DSUB connector,Waterproof_Male,False,False,False,../vlm_four_scene_20260925/input_crops/state_202/Waterproof_Male.png,7cc62a5ff425def58574827d00781d4317eb510bf765d2165d2b375c4555a81c,gemma4-12b/responses/state_202/DSUB_Male/Waterproof_Male.json,1.1676259000087157,A,0.9989913105817924,0.0006242892762660925,0.0003834415077057477,-0.0010091984877362847,-7.378896713256836,-7.866323471069336,,DSUB_Male,Waterproof_Male,0.9989913105817924,0.9989913105817924,0.0006242892762660925,0.0006242892762660925,0.0003834415077057477,0.0003834415077057477
family_ablation,12,True,gemma4:12b,original,DSUB_Male,DSUB connector,Waterproof_Male,False,False,False,../vlm_four_scene_20260925/input_crops/original/Waterproof_Male.png,41b585482c19ce36d3222b4ce188fedb570a2c64e3d131c84b65485afb23e2f0,gemma4-12b/responses/original/DSUB_Male/Waterproof_Male.json,1.2020290999789722,A,0.997639060027076,0.0013144098912498908,0.0010458592636473302,-0.002363731386139989,-6.6343674659729,-6.862916469573975,,DSUB_Male,Waterproof_Male,0.997639060027076,0.997639060027076,0.0013144098912498908,0.0013144098912498908,0.0010458592636473302,0.0010458592636473302
family_ablation,13,True,gemma4:12b,state_101,Waterproof_Male,Waterproof connector,M12_Hex_Nut,False,False,False,../vlm_four_scene_20260925/input_crops/state_101/M12_Hex_Nut.png,fc0054b5fbb5338ab9f90350cd4862942de04ae395620638929e2b1b38c1e229,gemma4-12b/responses/state_101/Waterproof_Male/M12_Hex_Nut.json,1.1419677000376396,A,0.9938144685794265,0.001238942972909817,0.004944385435436221,-0.006204741075634956,-6.6934967041015625,-5.309502601623535,,Waterproof_Male,hex_nut,0.9938144685794265,0.9938144685794265,0.001238942972909817,0.001238942972909817,0.004944385435436221,0.004944385435436221
family_ablation,14,True,gemma4:12b,state_303,DSUB_Male,DSUB connector,Waterproof_Male,False,False,False,../vlm_four_scene_20260925/input_crops/state_303/Waterproof_Male.png,501944f5a366194deaf0627005d87557bb79cd97c1413a8f7396ce4a6b8a3e7f,gemma4-12b/responses/state_303/DSUB_Male/Waterproof_Male.json,1.1328500999952666,A,0.9675217275378708,0.024580022100703716,0.007895256603862292,-0.03301739692687988,-3.7058212757110596,-4.841493129730225,,DSUB_Male,Waterproof_Male,0.9675217275378708,0.9675217275378708,0.024580022100703716,0.024580022100703716,0.007895256603862292,0.007895256603862292
family_ablation,15,True,gemma4:12b,state_303,Waterproof_Male,Waterproof connector,M12_Hex_Nut,False,False,False,../vlm_four_scene_20260925/input_crops/state_303/M12_Hex_Nut.png,baedfe7904344e7e4677127433e020ed849aa2b1eb60d26e01f65855ed1d0aca,gemma4-12b/responses/state_303/Waterproof_Male/M12_Hex_Nut.json,1.2706429000245407,A,0.9558882129099717,0.009391415860556905,0.03471564090204734,-0.04511430487036705,-4.667959213256836,-3.360564947128296,,Waterproof_Male,hex_nut,0.9558882129099717,0.9558882129099717,0.009391415860556905,0.009391415860556905,0.03471564090204734,0.03471564090204734
family_ablation,16,True,gemma4:12b,state_101,Waterproof_Male,Waterproof connector,DSUB_Male,False,False,False,../vlm_four_scene_20260925/input_crops/state_101/DSUB_Male.png,4b33b962ebb9c6ee75c0ce865988e91fcba2f1bdbb964dd35e709db436634a24,gemma4-12b/responses/state_101/Waterproof_Male/DSUB_Male.json,1.1399244999629445,A,0.9050822225074083,0.07365592039355248,0.021258612822502396,-0.09972948580980301,-2.6083507537841797,-3.8509931564331055,,Waterproof_Male,DSUB_Male,0.9050822225074083,0.9050822225074083,0.07365592039355248,0.07365592039355248,0.021258612822502396,0.021258612822502396
family_ablation,17,True,gemma4:12b,state_202,Waterproof_Male,Waterproof connector,M12_Hex_Nut,False,False,False,../vlm_four_scene_20260925/input_crops/state_202/M12_Hex_Nut.png,3718dec057ac940d14b25b665ed81c8e846d2ffe0ea118f40903b6a5da604056,gemma4-12b/responses/state_202/Waterproof_Male/M12_Hex_Nut.json,1.1458831999916583,A,0.8499694468584557,0.05966721406454551,0.09035078302581967,-0.16255487501621246,-2.818972587585449,-2.404055595397949,,Waterproof_Male,hex_nut,0.8499694468584557,0.8499694468584557,0.05966721406454551,0.05966721406454551,0.09035078302581967,0.09035078302581967
family_ablation,18,True,gemma4:12b,state_101,Gear_Medium,Medium gear,M16_Hex_Nut,False,False,False,../vlm_four_scene_20260925/input_crops/state_101/M16_Hex_Nut.png,1c1870e789ce383e3b64a161e64f0093e715e0263666f4e81c66af34b957e0f0,gemma4-12b/responses/state_101/Gear_Medium/M16_Hex_Nut.json,0.3925397000275552,A,0.7894747236641236,0.08710643863900867,0.12341161075274937,-0.2363874614238739,-2.440624475479126,-2.0922300815582275,,gear,hex_nut,0.7894747236641236,0.7894747236641236,0.08710643863900867,0.08710643863900867,0.12341161075274937,0.12341161075274937
family_ablation,19,True,gemma4:12b,state_101,Gear_Small,Small gear,M16_Hex_Nut,False,False,False,../vlm_four_scene_20260925/input_crops/state_101/M16_Hex_Nut.png,1c1870e789ce383e3b64a161e64f0093e715e0263666f4e81c66af34b957e0f0,gemma4-12b/responses/state_101/Gear_Small/M16_Hex_Nut.json,0.3992749000317417,A,0.7894747236641236,0.08710643863900867,0.12341161075274937,-0.2363874614238739,-2.440624475479126,-2.0922300815582275,,gear,hex_nut,0.7894747236641236,0.7894747236641236,0.08710643863900867,0.08710643863900867,0.12341161075274937,0.12341161075274937
family_ablation,20,True,gemma4:12b,state_303,DSUB_Male,DSUB connector,M12_Hex_Nut,False,False,False,../vlm_four_scene_20260925/input_crops/state_303/M12_Hex_Nut.png,baedfe7904344e7e4677127433e020ed849aa2b1eb60d26e01f65855ed1d0aca,gemma4-12b/responses/state_303/DSUB_Male/M12_Hex_Nut.json,1.1170656000031158,A,0.770615090344525,0.1565208427654897,0.07286159809067157,-0.26056626439094543,-1.8545660972595215,-2.6191935539245605,,DSUB_Male,hex_nut,0.770615090344525,0.770615090344525,0.1565208427654897,0.1565208427654897,0.07286159809067157,0.07286159809067157
