run,target_description,cad_id,object_id,observed_identity,ground_truth_pair,selected,fused_rank,visual_raw,visual_normalized,ransac_inlier_ratio,registration_fitness,observed_to_cad_rmse_m,inlier_rmse_m,correspondence_count,geometry_normalized,fused_score,scene_feature_cache_hit,crop_time_s,dino_batch_share_time_s,fpfh_feature_time_s,visual_comparison_time_s,geometric_matching_time_s,fusion_time_s,accounted_time_s
gray_gpu,large white gear,Gear_Large,object_002,Gear_Large,True,True,1,0.7485926059906215,0.8742963029953108,0.7252747252747253,0.9945054945054945,0.003252540304541999,0.0029708623623326685,181,0.9945054945054945,0.9344008987504027,False,7.938999999623775e-06,0.0040088133333332126,0.006731613999988895,8.86039999983268e-05,0.011097864000007007,1.0774000003266337e-05,0.02194560833333033
gray_gpu,large white gear,Gear_Large,object_005,Gear_Medium,False,False,2,0.5691720621471494,0.7845860310735747,1.0,1.0,0.003479450162197766,0.003341949790051596,118,1.0,0.8922930155367874,False,4.9410000002581e-06,0.0040088133333332126,0.003866364999993266,8.824300000753738e-05,0.01265192300000706,5.479000009245283e-06,0.020625764333350578
gray_gpu,large white gear,Gear_Large,object_006,KET16_Square_16mm,False,False,3,0.38143124778228255,0.6907156238911413,1.0,1.0,0.0025112651404345645,0.0021104475557683577,43,1.0,0.8453578119455707,False,1.07430000042541e-05,0.0040088133333332126,0.002441364000006274,6.796599998892816e-05,0.0016222600000048715,7.10099999423619e-06,0.008158247333331776
gray_gpu,large white gear,Gear_Large,object_003,blue_block,False,False,4,0.52970562550308,0.7648528127515399,0.816793893129771,0.8473282442748091,0.005150449813265441,0.0031221680989103164,111,0.8473282442748091,0.8060905285131745,False,5.540999993058904e-06,0.0040088133333332126,0.004156156999997052,9.159600000430146e-05,0.006445089999999709,7.43199998964883e-06,0.014714629333316982
gray_gpu,large white gear,Gear_Large,object_004,red_block,False,False,5,0.475604823337411,0.7378024116687055,0.8283582089552238,0.835820895522388,0.005306044756848973,0.002399752772352703,112,0.835820895522388,0.7868116535955467,False,4.915999994636877e-06,0.0040088133333332126,0.004115236000004074,7.624399999883735e-05,0.00904632300000685,5.903000001694636e-06,0.017257435333339306
gray_gpu,large white gear,Gear_Large,object_001,pulley,False,False,6,0.5791968727861334,0.7895984363930667,0.0,0.0,,,0,0.0,0.39479921819653335,False,9.360999996488317e-06,0.0040088133333332126,0.004910731000009605,0.00011935099999504928,0.006638402999996629,4.4263000006594666e-05,0.015730922333337578
gray_gpu,medium white gear,Gear_Medium,object_005,Gear_Medium,True,True,1,0.5661034346980223,0.7830517173490111,1.0,1.0,0.0024826140986729324,0.002243014346867005,118,1.0,0.8915258586745056,True,0.0,0.0,0.0,7.38369999879751e-05,0.0035165640000087706,3.898999992202334e-06,0.003594299999988948
gray_gpu,medium white gear,Gear_Medium,object_004,red_block,False,False,2,0.4812642308272326,0.7406321154136163,0.7089552238805971,0.9477611940298507,0.004209120431022157,0.0036075333320506288,127,0.9477611940298507,0.8441966547217334,True,0.0,0.0,0.0,7.068899999751466e-05,0.01100378199998886,4.341000007457296e-06,0.011078811999993832
gray_gpu,medium white gear,Gear_Medium,object_006,KET16_Square_16mm,False,False,3,0.3567579387495359,0.6783789693747679,1.0,1.0,0.0032228068778415945,0.0028933332891349457,43,1.0,0.839189484687384,True,0.0,0.0,0.0,8.084099999905447e-05,0.0008959590000046092,4.4010000124217186e-06,0.0009812010000160853
gray_gpu,medium white gear,Gear_Medium,object_003,blue_block,False,False,4,0.5483524090028058,0.7741762045014029,0.648854961832061,0.9007633587786259,0.0048012550115194095,0.0034260103797110614,118,0.9007633587786259,0.8374697816400144,True,0.0,0.0,0.0,9.863500000051317e-05,0.002834143000001177,5.4099999999834836e-06,0.0029381880000016736
gray_gpu,medium white gear,Gear_Medium,object_002,Gear_Large,False,False,5,0.7482834217097208,0.8741417108548604,0.6043956043956044,0.7032967032967034,0.008131469248496628,0.003434935420190143,128,0.7032967032967034,0.7887192070757818,True,0.0,0.0,0.0,9.38069999989466e-05,0.011888636000009,1.2725000004820686e-05,0.011995168000012768
gray_gpu,medium white gear,Gear_Medium,object_001,pulley,False,False,6,0.5497207601502015,0.7748603800751008,0.5733333333333334,0.6533333333333333,0.008736517253387342,0.0032003475745881,98,0.6533333333333333,0.7140968567042171,True,0.0,0.0,0.0,0.00013566799999864543,0.007616007999999397,2.2564999994756363e-05,0.007774240999992799
gray_gpu,rectangular pin,KET16_Square_16mm,object_003,blue_block,False,True,1,0.5311979191123265,0.7655989595561632,0.3969465648854962,0.549618320610687,0.010319381064478127,0.0037020617597210413,72,0.549618320610687,0.6576086400834251,True,0.0,0.0,0.0,8.154399999682482e-05,0.009545074000001819,4.253000000176144e-06,0.00963087099999882
gray_gpu,rectangular pin,KET16_Square_16mm,object_005,Gear_Medium,False,False,2,0.04652879658104825,0.5232643982905241,0.6271186440677966,0.7627118644067796,0.006406339702321476,0.003746391130943272,90,0.7627118644067796,0.6429881313486518,True,0.0,0.0,0.0,0.0001102339999903279,0.003330226999992192,3.860999996163628e-06,0.0034443219999786834
gray_gpu,rectangular pin,KET16_Square_16mm,object_006,KET16_Square_16mm,True,False,3,0.39880132805753726,0.6994006640287687,0.5581395348837209,0.5813953488372093,0.013250715936803109,0.0032855071811708422,25,0.5813953488372093,0.640398006432989,True,0.0,0.0,0.0,6.926099999304824e-05,0.000721564999992097,3.854999988561758e-06,0.000794680999973707
gray_gpu,rectangular pin,KET16_Square_16mm,object_004,red_block,False,False,4,0.48664435901112896,0.7433221795055645,0.43283582089552236,0.4626865671641791,0.012470089820888182,0.0036459886624172905,62,0.4626865671641791,0.6030043733348718,True,0.0,0.0,0.0,7.625599999983024e-05,0.009523022000010428,4.036000007090479e-06,0.009603314000017349
gray_gpu,rectangular pin,KET16_Square_16mm,object_002,Gear_Large,False,False,5,0.285933412364349,0.6429667061821744,0.0989010989010989,0.4835164835164835,0.014526064742348254,0.0035742984269886316,88,0.4835164835164835,0.563241594849329,True,0.0,0.0,0.0,0.00012816299999940384,0.00964068700000098,6.436999996140003e-06,0.009775286999996524
gray_gpu,rectangular pin,KET16_Square_16mm,object_001,pulley,False,False,6,0.35411201199594333,0.6770560059979717,0.0,0.0,,,0,0.0,0.33852800299898583,True,0.0,0.0,0.0,0.00012262100000270948,0.007471573000003673,1.8625999999244414e-05,0.007612820000005627
gray_gpu,pulley,pulley,object_001,pulley,True,True,1,0.5734126899064916,0.7867063449532459,0.38,1.0,0.0024329811408692783,0.0021073226834684815,150,1.0,0.8933531724766229,True,0.0,0.0,0.0,0.00013123300000472682,0.009061391999992452,1.8240000002833767e-05,0.009210865000000013
gray_gpu,pulley,pulley,object_006,KET16_Square_16mm,False,False,2,0.35395042210027816,0.676975211050139,0.7674418604651163,1.0,0.0027700651512965286,0.0024205936277478146,43,1.0,0.8384876055250695,True,0.0,0.0,0.0,8.081000000004224e-05,0.0012874139999894396,4.172000004132315e-06,0.0013723959999936142
gray_gpu,pulley,pulley,object_005,Gear_Medium,False,False,3,0.34495768272438593,0.6724788413621929,0.9745762711864406,1.0,0.0034692231844529902,0.003371122022164489,118,1.0,0.8362394206810965,True,0.0,0.0,0.0,7.517499999210031e-05,0.012659416000005308,4.000999993536425e-06,0.012738591999990945
gray_gpu,pulley,pulley,object_004,red_block,False,False,4,0.4772315994411844,0.7386157997205922,0.9328358208955224,0.9328358208955224,0.004230173890711774,0.003120117909370045,125,0.9328358208955224,0.8357258103080574,True,0.0,0.0,0.0,6.836200000748249e-05,0.006904083999998534,4.140999990909222e-06,0.0069765869999969254
gray_gpu,pulley,pulley,object_003,blue_block,False,False,5,0.5535815289253785,0.7767907644626892,0.8778625954198473,0.8778625954198473,0.005318434271399177,0.004052327418646543,115,0.8778625954198473,0.8273266799412683,True,0.0,0.0,0.0,0.00014894700001377714,0.00714878699999133,4.544000006490023e-06,0.007302278000011597
gray_gpu,pulley,pulley,object_002,Gear_Large,False,False,6,0.48648072689197935,0.7432403634459896,0.8791208791208791,0.9010989010989011,0.004626985026466472,0.0035203028278915434,164,0.9010989010989011,0.8221696322724454,True,0.0,0.0,0.0,7.602499999848078e-05,0.010639699999998697,6.314000003726505e-06,0.010722039000000905
gray_gpu,red block,red_block,object_003,blue_block,False,True,1,0.512215901922731,0.7561079509613655,1.0,1.0,0.0020388602730521716,0.001976622701990864,131,1.0,0.8780539754806828,True,0.0,0.0,0.0,9.394399999962388e-05,0.004346286000000532,4.809000003547226e-06,0.004445039000003703
gray_gpu,red block,red_block,object_004,red_block,True,False,2,0.4712400843960206,0.7356200421980104,0.9701492537313433,1.0,0.0017094527039109566,0.0016491228869637913,134,1.0,0.8678100210990052,True,0.0,0.0,0.0,7.887799999650724e-05,0.00701991799999746,4.22300000479936e-06,0.007103018999998767
gray_gpu,red block,red_block,object_006,KET16_Square_16mm,False,False,3,0.3757784171292444,0.6878892085646222,0.8837209302325582,0.9069767441860465,0.004756719388529783,0.004057919343242371,39,0.9069767441860465,0.7974329763753343,True,0.0,0.0,0.0,7.756600000163871e-05,0.000833518000007416,3.7870000113571223e-06,0.0009148710000204119
gray_gpu,red block,red_block,object_002,Gear_Large,False,False,4,0.27343203587792986,0.6367160179389649,0.7692307692307693,0.8791208791208791,0.005246783493216061,0.004166066250552472,160,0.8791208791208791,0.757918448529922,True,0.0,0.0,0.0,7.633600000644947e-05,0.01249260399998775,6.279000004383306e-06,0.012575218999998583
gray_gpu,red block,red_block,object_005,Gear_Medium,False,False,5,0.04300073957929349,0.5215003697896468,0.8305084745762712,0.847457627118644,0.005487365787736763,0.003914081249347154,100,0.847457627118644,0.6844789984541454,True,0.0,0.0,0.0,8.131299999547537e-05,0.004937280000007149,3.954000007411196e-06,0.005022547000010036
gray_gpu,red block,red_block,object_001,pulley,False,False,6,0.2871321913551774,0.6435660956775887,0.2733333333333333,0.36,0.016457232791305235,0.004110378109548953,54,0.36,0.5017830478387943,True,0.0,0.0,0.0,0.0001379790000015646,0.008057895999996845,1.7706999997813e-05,0.008213581999996222
gray_gpu,blue block,blue_block,object_003,blue_block,True,True,1,0.512215901922731,0.7561079509613655,1.0,1.0,0.0020388602730521716,0.001976622701990864,131,1.0,0.8780539754806828,True,0.0,0.0,0.0,0.00011610699999664575,0.0048488569999989295,4.910000001245862e-06,0.004969873999996821
gray_gpu,blue block,blue_block,object_004,red_block,False,False,2,0.4712400843960206,0.7356200421980104,0.9701492537313433,1.0,0.0017094527039109566,0.0016491228869637913,134,1.0,0.8678100210990052,True,0.0,0.0,0.0,9.738100000333816e-05,0.006563941999999656,1.7556000003082772e-05,0.006678879000006077
gray_gpu,blue block,blue_block,object_006,KET16_Square_16mm,False,False,3,0.3757784171292444,0.6878892085646222,0.8837209302325582,0.9069767441860465,0.004756719388529783,0.004057919343242371,39,0.9069767441860465,0.7974329763753343,True,0.0,0.0,0.0,6.500900001071841e-05,0.0009056840000027933,4.0959999978440464e-06,0.0009747890000113557
gray_gpu,blue block,blue_block,object_002,Gear_Large,False,False,4,0.27343203587792986,0.6367160179389649,0.7692307692307693,0.8791208791208791,0.005246783493216061,0.004166066250552472,160,0.8791208791208791,0.757918448529922,True,0.0,0.0,0.0,9.079400000189253e-05,0.011749684999998067,7.930000009537252e-06,0.011848409000009497
gray_gpu,blue block,blue_block,object_005,Gear_Medium,False,False,5,0.04300073957929349,0.5215003697896468,0.8305084745762712,0.847457627118644,0.005487365787736763,0.003914081249347154,100,0.847457627118644,0.6844789984541454,True,0.0,0.0,0.0,7.197400000791276e-05,0.004801944000007552,4.036999996515078e-06,0.00487795500001198
gray_gpu,blue block,blue_block,object_001,pulley,False,False,6,0.2871321913551774,0.6435660956775887,0.2733333333333333,0.36,0.016457232791305235,0.004110378109548953,54,0.36,0.5017830478387943,True,0.0,0.0,0.0,0.00013454700000181674,0.00811227300000894,2.3877999993260346e-05,0.008270698000004018
colored_cpu,large white gear,Gear_Large,object_002,Gear_Large,True,True,1,0.7397954277717138,0.8698977138858569,0.7252747252747253,0.9945054945054945,0.003252540304541999,0.0029708623623326685,181,0.9945054945054945,0.9322016041956758,False,7.662999999880071e-06,0.10982856450000018,0.005927300999999829,0.00021420900000101994,0.011155821999999205,1.04600000003785e-05,0.12714401950000048
colored_cpu,large white gear,Gear_Large,object_005,Gear_Medium,False,False,2,0.5653334125808861,0.7826667062904431,1.0,1.0,0.003479450162197766,0.003341949790051596,118,1.0,0.8913333531452216,False,5.078999999241773e-06,0.10982856450000018,0.004182304000000414,7.005800000037254e-05,0.01275746199999972,4.578999998727795e-06,0.12684804649999865
colored_cpu,large white gear,Gear_Large,object_006,KET16_Square_16mm,False,False,3,0.38552474171653855,0.6927623708582693,1.0,1.0,0.0025112651404345645,0.0021104475557683577,43,1.0,0.8463811854291347,False,4.629000001088457e-06,0.10982856450000018,0.002092885999999794,8.932199999911461e-05,0.0013413110000008999,3.848000000417073e-06,0.1133605605000015
colored_cpu,large white gear,Gear_Large,object_003,blue_block,False,False,4,0.5161817680352041,0.758090884017602,0.816793893129771,0.8473282442748091,0.005150449813265441,0.0031221680989103164,111,0.8473282442748091,0.8027095641462056,False,4.652999999521512e-06,0.10982856450000018,0.0041433420000007715,8.767899999995166e-05,0.00653016500000092,6.356000000096174e-06,0.12060075950000144
colored_cpu,large white gear,Gear_Large,object_004,red_block,False,False,5,0.4599814495805754,0.7299907247902877,0.8283582089552238,0.835820895522388,0.005306044756848973,0.002399752772352703,112,0.835820895522388,0.7829058101563379,False,4.479999999418283e-06,0.10982856450000018,0.006331776999999761,8.549899999898969e-05,0.008554423999999727,4.462999999788053e-06,0.12480920749999787
colored_cpu,large white gear,Gear_Large,object_001,pulley,False,False,6,0.5786285401695852,0.7893142700847926,0.0,0.0,,,0,0.0,0.3946571350423963,False,1.0546000000388744e-05,0.10982856450000018,0.007449388999999584,0.000139173999999187,0.006608814999999879,2.6242000000564758e-05,0.12406273049999979
colored_cpu,medium white gear,Gear_Medium,object_005,Gear_Medium,True,True,1,0.5707030047198999,0.78535150235995,1.0,1.0,0.0024826140986729324,0.002243014346867005,118,1.0,0.892675751179975,True,0.0,0.0,0.0,7.530899999963481e-05,0.0033320650000003837,3.961999999191335e-06,0.00341133599999921
colored_cpu,medium white gear,Gear_Medium,object_006,KET16_Square_16mm,False,False,2,0.37182757262130356,0.6859137863106518,1.0,1.0,0.0032228068778415945,0.0028933332891349457,43,1.0,0.842956893155326,True,0.0,0.0,0.0,6.478599999937273e-05,0.0008227689999991128,5.268000000668849e-06,0.0008928229999991544
colored_cpu,medium white gear,Gear_Medium,object_004,red_block,False,False,3,0.47508062919497973,0.7375403145974899,0.7089552238805971,0.9477611940298507,0.004209120431022157,0.0036075333320506288,127,0.9477611940298507,0.8426507543136703,True,0.0,0.0,0.0,6.014699999923323e-05,0.011504565999999272,4.005999999279197e-06,0.011568718999997785
colored_cpu,medium white gear,Gear_Medium,object_003,blue_block,False,False,4,0.5280224625023718,0.764011231251186,0.648854961832061,0.9007633587786259,0.0048012550115194095,0.0034260103797110614,118,0.9007633587786259,0.8323872950149059,True,0.0,0.0,0.0,8.806599999999776e-05,0.0027568310000010143,4.429999998833978e-06,0.002849326999999846
colored_cpu,medium white gear,Gear_Medium,object_002,Gear_Large,False,False,5,0.7667008373213207,0.8833504186606603,0.6043956043956044,0.7032967032967034,0.008131469248496628,0.003434935420190143,128,0.7032967032967034,0.7933235609786818,True,0.0,0.0,0.0,8.163599999910787e-05,0.012409035999999318,6.6860000007551434e-06,0.012497357999999181
colored_cpu,medium white gear,Gear_Medium,object_001,pulley,False,False,6,0.5514343835435368,0.7757171917717685,0.5733333333333334,0.6533333333333333,0.008736517253387342,0.0032003475745881,98,0.6533333333333333,0.7145252625525509,True,0.0,0.0,0.0,0.00013968400000052839,0.007414743000000001,1.8932999999776712e-05,0.0075733600000003065
colored_cpu,rectangular pin,KET16_Square_16mm,object_003,blue_block,False,True,1,0.5252773227129596,0.7626386613564797,0.3969465648854962,0.549618320610687,0.010319381064478127,0.0037020617597210413,72,0.549618320610687,0.6561284909835834,True,0.0,0.0,0.0,0.00010070599999956187,0.009624177000000955,5.63099999872918e-06,0.009730513999999246
colored_cpu,rectangular pin,KET16_Square_16mm,object_006,KET16_Square_16mm,True,False,2,0.42646033523114674,0.7132301676155733,0.5581395348837209,0.5813953488372093,0.013250715936803109,0.0032855071811708422,25,0.5813953488372093,0.6473127582263913,True,0.0,0.0,0.0,7.320199999938382e-05,0.000795148999999995,4.7199999997360464e-06,0.0008730709999991149
colored_cpu,rectangular pin,KET16_Square_16mm,object_005,Gear_Medium,False,False,3,0.040129217052722196,0.520064608526361,0.6271186440677966,0.7627118644067796,0.006406339702321476,0.003746391130943272,90,0.7627118644067796,0.6413882364665704,True,0.0,0.0,0.0,6.878300000145998e-05,0.0032804580000007633,5.880999999874348e-06,0.0033551220000020976
colored_cpu,rectangular pin,KET16_Square_16mm,object_004,red_block,False,False,4,0.4833016451681095,0.7416508225840548,0.43283582089552236,0.4626865671641791,0.012470089820888182,0.0036459886624172905,62,0.4626865671641791,0.602168694874117,True,0.0,0.0,0.0,8.130900000047347e-05,0.009080935999998374,1.9593999999401035e-05,0.009181838999998249
colored_cpu,rectangular pin,KET16_Square_16mm,object_002,Gear_Large,False,False,5,0.28069155385333916,0.6403457769266696,0.0989010989010989,0.4835164835164835,0.014526064742348254,0.0035742984269886316,88,0.4835164835164835,0.5619311302215766,True,0.0,0.0,0.0,0.00011508500000090294,0.009121388000000508,7.81500000002211e-06,0.009244288000001433
colored_cpu,rectangular pin,KET16_Square_16mm,object_001,pulley,False,False,6,0.3221602744952755,0.6610801372476378,0.0,0.0,,,0,0.0,0.3305400686238189,True,0.0,0.0,0.0,0.00013441399999969406,0.007361958000000612,2.1714999999034035e-05,0.0075180869999993405
colored_cpu,pulley,pulley,object_001,pulley,True,True,1,0.6807444522983724,0.8403722261491862,0.38,1.0,0.0024329811408692783,0.0021073226834684815,150,1.0,0.9201861130745931,True,0.0,0.0,0.0,0.00013544299999956877,0.00864672199999994,1.9284999998703256e-05,0.008801449999998212
colored_cpu,pulley,pulley,object_006,KET16_Square_16mm,False,False,2,0.3789103446947851,0.6894551723473925,0.7674418604651163,1.0,0.0027700651512965286,0.0024205936277478146,43,1.0,0.8447275861736963,True,0.0,0.0,0.0,7.982900000058635e-05,0.0012642459999998579,3.5920000005518204e-06,0.001347667000000996
colored_cpu,pulley,pulley,object_004,red_block,False,False,3,0.4920517573336757,0.7460258786668379,0.9328358208955224,0.9328358208955224,0.004230173890711774,0.003120117909370045,125,0.9328358208955224,0.8394308497811802,True,0.0,0.0,0.0,8.003900000019826e-05,0.006252979999999297,3.8090000007429126e-06,0.006336828000000239
colored_cpu,pulley,pulley,object_002,Gear_Large,False,False,4,0.5281214141728164,0.7640607070864083,0.8791208791208791,0.9010989010989011,0.004626985026466472,0.0035203028278915434,164,0.9010989010989011,0.8325798040926546,True,0.0,0.0,0.0,8.596800000049143e-05,0.010017440000000377,6.277000000665112e-06,0.010109685000001534
colored_cpu,pulley,pulley,object_003,blue_block,False,False,5,0.5638596321154997,0.7819298160577499,0.8778625954198473,0.8778625954198473,0.005318434271399177,0.004052327418646543,115,0.8778625954198473,0.8298962057387986,True,0.0,0.0,0.0,7.762699999958045e-05,0.00746642799999897,4.2069999999228e-06,0.0075482619999984735
colored_cpu,pulley,pulley,object_005,Gear_Medium,False,False,6,0.29080658465332604,0.645403292326663,0.9745762711864406,1.0,0.0034692231844529902,0.003371122022164489,118,1.0,0.8227016461633315,True,0.0,0.0,0.0,7.519200000061232e-05,0.012103744999999222,3.815999999545738e-06,0.01218275299999938
colored_cpu,red block,red_block,object_003,blue_block,False,True,1,0.5367295492663581,0.768364774633179,1.0,1.0,0.0020388602730521716,0.001976622701990864,131,1.0,0.8841823873165895,True,0.0,0.0,0.0,8.827600000316238e-05,0.004468398000000207,5.553000001157216e-06,0.004562227000004526
colored_cpu,red block,red_block,object_004,red_block,True,False,2,0.5263514752597468,0.7631757376298733,0.9701492537313433,1.0,0.0017094527039109566,0.0016491228869637913,134,1.0,0.8815878688149367,True,0.0,0.0,0.0,7.735300000177858e-05,0.006433601000001232,4.121999999995296e-06,0.006515076000003006
colored_cpu,red block,red_block,object_006,KET16_Square_16mm,False,False,3,0.3683020172287719,0.6841510086143859,0.8837209302325582,0.9069767441860465,0.004756719388529783,0.004057919343242371,39,0.9069767441860465,0.7955638764002162,True,0.0,0.0,0.0,7.986800000026051e-05,0.0008444430000018599,3.67300000192472e-06,0.0009279840000040451
colored_cpu,red block,red_block,object_002,Gear_Large,False,False,4,0.25399853566106323,0.6269992678305316,0.7692307692307693,0.8791208791208791,0.005246783493216061,0.004166066250552472,160,0.8791208791208791,0.7530600734757054,True,0.0,0.0,0.0,8.837200000044731e-05,0.012478740000002375,6.339000002242301e-06,0.012573451000005065
colored_cpu,red block,red_block,object_005,Gear_Medium,False,False,5,0.047521420040548885,0.5237607100202745,0.8305084745762712,0.847457627118644,0.005487365787736763,0.003914081249347154,100,0.847457627118644,0.6856091685694592,True,0.0,0.0,0.0,6.834099999863952e-05,0.005311069999997642,3.880999997818435e-06,0.0053832919999941
colored_cpu,red block,red_block,object_001,pulley,False,False,6,0.28147003120160186,0.6407350156008009,0.2733333333333333,0.36,0.016457232791305235,0.004110378109548953,54,0.36,0.5003675078004004,True,0.0,0.0,0.0,0.00013094399999857842,0.00774447699999925,1.8265000001349563e-05,0.007893685999999178
colored_cpu,blue block,blue_block,object_003,blue_block,True,True,1,0.5231833920890198,0.7615916960445099,1.0,1.0,0.0020388602730521716,0.001976622701990864,131,1.0,0.880795848022255,True,0.0,0.0,0.0,8.788599999931535e-05,0.004400780000000992,4.814000000408214e-06,0.004493480000000716
colored_cpu,blue block,blue_block,object_004,red_block,False,False,2,0.49020950296379845,0.7451047514818993,0.9701492537313433,1.0,0.0017094527039109566,0.0016491228869637913,134,1.0,0.8725523757409497,True,0.0,0.0,0.0,7.905200000024593e-05,0.0063509660000029555,4.241999999266e-06,0.0064342600000024675
colored_cpu,blue block,blue_block,object_006,KET16_Square_16mm,False,False,3,0.3327035966503081,0.666351798325154,0.8837209302325582,0.9069767441860465,0.004756719388529783,0.004057919343242371,39,0.9069767441860465,0.7866642712556002,True,0.0,0.0,0.0,6.328999999993812e-05,0.0009680819999999812,4.129000000574479e-06,0.0010355010000004938
colored_cpu,blue block,blue_block,object_002,Gear_Large,False,False,4,0.23556830706129497,0.6177841535306475,0.7692307692307693,0.8791208791208791,0.005246783493216061,0.004166066250552472,160,0.8791208791208791,0.7484525163257634,True,0.0,0.0,0.0,9.292699999718934e-05,0.011959253000000558,6.917000000328244e-06,0.012059096999998076
colored_cpu,blue block,blue_block,object_005,Gear_Medium,False,False,5,0.03598032460401745,0.5179901623020087,0.8305084745762712,0.847457627118644,0.005487365787736763,0.003914081249347154,100,0.847457627118644,0.6827238947103264,True,0.0,0.0,0.0,7.208700000305157e-05,0.004717806000002156,4.223999997776673e-06,0.004794117000002984
colored_cpu,blue block,blue_block,object_001,pulley,False,False,6,0.2790999180406401,0.6395499590203201,0.2733333333333333,0.36,0.016457232791305235,0.004110378109548953,54,0.36,0.49977497951016003,True,0.0,0.0,0.0,0.00013701199999971436,0.00798171500000322,2.0192000000918142e-05,0.008138919000003852
