method,split,threshold,total_trials,score_available_trials,score_unavailable_trials,autonomous_decisions,deferred_decisions,autonomous_coverage,autonomous_accuracy,selective_risk,false_autonomous_acceptance_count,false_autonomous_acceptance_rate_all_trials,false_autonomous_acceptance_rate_autonomous
raw_label_likelihood,calibration,1.0,300,300,0,189,111,0.63,0.9947089947089947,0.005291005291005291,1,0.0033333333333333335,0.005291005291005291
raw_label_likelihood,calibration,0.9999998063873693,300,300,0,195,105,0.65,0.9948717948717949,0.005128205128205128,1,0.0033333333333333335,0.005128205128205128
raw_label_likelihood,calibration,0.9999996871837232,300,300,0,200,100,0.6666666666666666,0.985,0.015,3,0.01,0.015
raw_label_likelihood,calibration,0.9999995679801056,300,300,0,202,98,0.6733333333333333,0.9851485148514851,0.01485148514851485,3,0.01,0.01485148514851485
raw_label_likelihood,calibration,0.999999448776502,300,300,0,207,93,0.69,0.9758454106280193,0.024154589371980676,5,0.016666666666666666,0.024154589371980676
raw_label_likelihood,calibration,0.9999993295729128,300,300,0,210,90,0.7,0.9761904761904762,0.023809523809523808,5,0.016666666666666666,0.023809523809523808
raw_label_likelihood,calibration,0.9999992103693378,300,300,0,212,88,0.7066666666666667,0.9764150943396226,0.02358490566037736,5,0.016666666666666666,0.02358490566037736
raw_label_likelihood,calibration,0.999999091165777,300,300,0,213,87,0.71,0.971830985915493,0.028169014084507043,6,0.02,0.028169014084507043
raw_label_likelihood,calibration,0.9999989719621736,300,300,0,214,86,0.7133333333333334,0.9719626168224299,0.028037383177570093,6,0.02,0.028037383177570093
raw_label_likelihood,calibration,0.9999987335551229,300,300,0,215,85,0.7166666666666667,0.9720930232558139,0.027906976744186046,6,0.02,0.027906976744186046
raw_label_likelihood,calibration,0.9999984951481292,300,300,0,216,84,0.72,0.9722222222222222,0.027777777777777776,6,0.02,0.027777777777777776
raw_label_likelihood,calibration,0.9999983759447105,300,300,0,217,83,0.7233333333333334,0.9723502304147466,0.027649769585253458,6,0.02,0.027649769585253458
raw_label_likelihood,calibration,0.999997064707474,300,300,0,218,82,0.7266666666666667,0.9678899082568807,0.03211009174311927,7,0.023333333333333334,0.03211009174311927
raw_label_likelihood,calibration,0.9999961110814314,300,300,0,219,81,0.73,0.9634703196347032,0.0365296803652968,8,0.02666666666666667,0.0365296803652968
raw_label_likelihood,calibration,0.9999946806438453,300,300,0,221,79,0.7366666666666667,0.9592760180995475,0.04072398190045249,9,0.03,0.04072398190045249
raw_label_likelihood,calibration,0.9999925349917576,300,300,0,222,78,0.74,0.954954954954955,0.04504504504504504,10,0.03333333333333333,0.04504504504504504
raw_label_likelihood,calibration,0.9999922965859006,300,300,0,223,77,0.7433333333333333,0.9551569506726457,0.04484304932735426,10,0.03333333333333333,0.04484304932735426
raw_label_likelihood,calibration,0.9999920581810099,300,300,0,225,75,0.75,0.9555555555555556,0.044444444444444446,10,0.03333333333333333,0.044444444444444446
raw_label_likelihood,calibration,0.9999897933314713,300,300,0,226,74,0.7533333333333333,0.9557522123893806,0.04424778761061947,10,0.03333333333333333,0.04424778761061947
raw_label_likelihood,calibration,0.9999882437013936,300,300,0,227,73,0.7566666666666667,0.9559471365638766,0.04405286343612335,10,0.03333333333333333,0.04405286343612335
raw_label_likelihood,calibration,0.9999875284879717,300,300,0,228,72,0.76,0.9517543859649122,0.04824561403508772,11,0.03666666666666667,0.04824561403508772
raw_label_likelihood,calibration,0.9999839524294449,300,300,0,229,71,0.7633333333333333,0.9519650655021834,0.048034934497816595,11,0.03666666666666667,0.048034934497816595
raw_label_likelihood,calibration,0.9999832372181827,300,300,0,230,70,0.7666666666666667,0.9521739130434783,0.04782608695652174,11,0.03666666666666667,0.04782608695652174
raw_label_likelihood,calibration,0.9999815683975317,300,300,0,231,69,0.77,0.948051948051948,0.05194805194805195,12,0.04,0.05194805194805195
raw_label_likelihood,calibration,0.9999766811478773,300,300,0,232,68,0.7733333333333333,0.9482758620689655,0.05172413793103448,12,0.04,0.05172413793103448
raw_label_likelihood,calibration,0.9999746547356694,300,300,0,233,67,0.7766666666666666,0.944206008583691,0.055793991416309016,13,0.043333333333333335,0.055793991416309016
raw_label_likelihood,calibration,0.9999645227325883,300,300,0,234,66,0.78,0.9444444444444444,0.05555555555555555,13,0.043333333333333335,0.05555555555555555
raw_label_likelihood,calibration,0.9999415175046573,300,300,0,235,65,0.7833333333333333,0.9446808510638298,0.05531914893617021,13,0.043333333333333335,0.05531914893617021
raw_label_likelihood,calibration,0.9999368688433311,300,300,0,236,64,0.7866666666666666,0.9449152542372882,0.05508474576271186,13,0.043333333333333335,0.05508474576271186
raw_label_likelihood,calibration,0.99991434102598,300,300,0,237,63,0.79,0.9409282700421941,0.05907172995780591,14,0.04666666666666667,0.05907172995780591
raw_label_likelihood,calibration,0.9998522505068683,300,300,0,238,62,0.7933333333333333,0.9411764705882353,0.058823529411764705,14,0.04666666666666667,0.058823529411764705
raw_label_likelihood,calibration,0.9998372368478391,300,300,0,239,61,0.7966666666666666,0.9372384937238494,0.06276150627615062,15,0.05,0.06276150627615062
raw_label_likelihood,calibration,0.9997962419688495,300,300,0,241,59,0.8033333333333333,0.9336099585062241,0.06639004149377593,16,0.05333333333333334,0.06639004149377593
raw_label_likelihood,calibration,0.9997614458648256,300,300,0,242,58,0.8066666666666666,0.9297520661157025,0.07024793388429752,17,0.056666666666666664,0.07024793388429752
raw_label_likelihood,calibration,0.99966459043674,300,300,0,243,57,0.81,0.9259259259259259,0.07407407407407407,18,0.06,0.07407407407407407
raw_label_likelihood,calibration,0.9996028948765476,300,300,0,244,56,0.8133333333333334,0.9221311475409836,0.0778688524590164,19,0.06333333333333334,0.0778688524590164
raw_label_likelihood,calibration,0.9995662063822909,300,300,0,245,55,0.8166666666666667,0.9183673469387755,0.08163265306122448,20,0.06666666666666667,0.08163265306122448
raw_label_likelihood,calibration,0.9995419106919142,300,300,0,246,54,0.82,0.9146341463414634,0.08536585365853659,21,0.07,0.08536585365853659
raw_label_likelihood,calibration,0.9994730815392611,300,300,0,247,53,0.8233333333333334,0.9109311740890689,0.08906882591093117,22,0.07333333333333333,0.08906882591093117
raw_label_likelihood,calibration,0.9994329501699825,300,300,0,248,52,0.8266666666666667,0.907258064516129,0.09274193548387097,23,0.07666666666666666,0.09274193548387097
raw_label_likelihood,calibration,0.9992903233093213,300,300,0,249,51,0.83,0.9036144578313253,0.0963855421686747,24,0.08,0.0963855421686747
raw_label_likelihood,calibration,0.9990885944370145,300,300,0,250,50,0.8333333333333334,0.9,0.1,25,0.08333333333333333,0.1
raw_label_likelihood,calibration,0.9990838415883432,300,300,0,251,49,0.8366666666666667,0.900398406374502,0.099601593625498,25,0.08333333333333333,0.099601593625498
raw_label_likelihood,calibration,0.999030052662209,300,300,0,252,48,0.84,0.8968253968253969,0.10317460317460317,26,0.08666666666666667,0.10317460317460317
raw_label_likelihood,calibration,0.9988258228493234,300,300,0,253,47,0.8433333333333334,0.8972332015810277,0.10276679841897234,26,0.08666666666666667,0.10276679841897234
raw_label_likelihood,calibration,0.9987481724408294,300,300,0,254,46,0.8466666666666667,0.8976377952755905,0.10236220472440945,26,0.08666666666666667,0.10236220472440945
raw_label_likelihood,calibration,0.9983243258040301,300,300,0,255,45,0.85,0.8941176470588236,0.10588235294117647,27,0.09,0.10588235294117647
raw_label_likelihood,calibration,0.9981308204146286,300,300,0,256,44,0.8533333333333334,0.890625,0.109375,28,0.09333333333333334,0.109375
raw_label_likelihood,calibration,0.998073226003552,300,300,0,257,43,0.8566666666666667,0.8910505836575876,0.10894941634241245,28,0.09333333333333334,0.10894941634241245
raw_label_likelihood,calibration,0.9980719173449989,300,300,0,258,42,0.86,0.8914728682170543,0.10852713178294573,28,0.09333333333333334,0.10852713178294573
raw_label_likelihood,calibration,0.9980514832994044,300,300,0,259,41,0.8633333333333333,0.888030888030888,0.11196911196911197,29,0.09666666666666666,0.11196911196911197
raw_label_likelihood,calibration,0.9975274032511579,300,300,0,260,40,0.8666666666666667,0.8884615384615384,0.11153846153846154,29,0.09666666666666666,0.11153846153846154
raw_label_likelihood,calibration,0.9974645370695361,300,300,0,261,39,0.87,0.8888888888888888,0.1111111111111111,29,0.09666666666666666,0.1111111111111111
raw_label_likelihood,calibration,0.9967024939188588,300,300,0,262,38,0.8733333333333333,0.8854961832061069,0.11450381679389313,30,0.1,0.11450381679389313
raw_label_likelihood,calibration,0.9946000473272943,300,300,0,263,37,0.8766666666666667,0.8821292775665399,0.11787072243346007,31,0.10333333333333333,0.11787072243346007
raw_label_likelihood,calibration,0.9941546036485985,300,300,0,264,36,0.88,0.8787878787878788,0.12121212121212122,32,0.10666666666666667,0.12121212121212122
raw_label_likelihood,calibration,0.9932828991117899,300,300,0,265,35,0.8833333333333333,0.879245283018868,0.12075471698113208,32,0.10666666666666667,0.12075471698113208
raw_label_likelihood,calibration,0.9932478489496588,300,300,0,266,34,0.8866666666666667,0.8796992481203008,0.12030075187969924,32,0.10666666666666667,0.12030075187969924
raw_label_likelihood,calibration,0.9913352555062638,300,300,0,267,33,0.89,0.8764044943820225,0.12359550561797752,33,0.11,0.12359550561797752
raw_label_likelihood,calibration,0.9839092766053795,300,300,0,268,32,0.8933333333333333,0.8731343283582089,0.12686567164179105,34,0.11333333333333333,0.12686567164179105
raw_label_likelihood,calibration,0.9780861693051359,300,300,0,269,31,0.8966666666666666,0.8698884758364313,0.13011152416356878,35,0.11666666666666667,0.13011152416356878
raw_label_likelihood,calibration,0.9769947352582931,300,300,0,270,30,0.9,0.8666666666666667,0.13333333333333333,36,0.12,0.13333333333333333
raw_label_likelihood,calibration,0.9753297588367545,300,300,0,271,29,0.9033333333333333,0.8634686346863468,0.13653136531365315,37,0.12333333333333334,0.13653136531365315
raw_label_likelihood,calibration,0.9738611589665995,300,300,0,272,28,0.9066666666666666,0.8639705882352942,0.13602941176470587,37,0.12333333333333334,0.13602941176470587
raw_label_likelihood,calibration,0.9706873663985345,300,300,0,273,27,0.91,0.8644688644688645,0.13553113553113552,37,0.12333333333333334,0.13553113553113552
raw_label_likelihood,calibration,0.9695040025198425,300,300,0,274,26,0.9133333333333333,0.8613138686131386,0.1386861313868613,38,0.12666666666666668,0.1386861313868613
raw_label_likelihood,calibration,0.962671114965801,300,300,0,275,25,0.9166666666666666,0.8581818181818182,0.14181818181818182,39,0.13,0.14181818181818182
raw_label_likelihood,calibration,0.9626664815686116,300,300,0,276,24,0.92,0.855072463768116,0.14492753623188406,40,0.13333333333333333,0.14492753623188406
raw_label_likelihood,calibration,0.9274743051808741,300,300,0,277,23,0.9233333333333333,0.851985559566787,0.148014440433213,41,0.13666666666666666,0.148014440433213
raw_label_likelihood,calibration,0.9110010187754964,300,300,0,278,22,0.9266666666666666,0.8489208633093526,0.1510791366906475,42,0.14,0.1510791366906475
raw_label_likelihood,calibration,0.902961353273129,300,300,0,279,21,0.93,0.8458781362007168,0.15412186379928317,43,0.14333333333333334,0.15412186379928317
raw_label_likelihood,calibration,0.8815976093098447,300,300,0,280,20,0.9333333333333333,0.8428571428571429,0.15714285714285714,44,0.14666666666666667,0.15714285714285714
raw_label_likelihood,calibration,0.8807737767452039,300,300,0,281,19,0.9366666666666666,0.8398576512455516,0.1601423487544484,45,0.15,0.1601423487544484
raw_label_likelihood,calibration,0.8777180766428979,300,300,0,282,18,0.94,0.8368794326241135,0.16312056737588654,46,0.15333333333333332,0.16312056737588654
raw_label_likelihood,calibration,0.8568003437443986,300,300,0,283,17,0.9433333333333334,0.833922261484099,0.16607773851590105,47,0.15666666666666668,0.16607773851590105
raw_label_likelihood,calibration,0.8505342891926403,300,300,0,284,16,0.9466666666666667,0.8309859154929577,0.16901408450704225,48,0.16,0.16901408450704225
raw_label_likelihood,calibration,0.817574028840271,300,300,0,285,15,0.95,0.8280701754385965,0.17192982456140352,49,0.16333333333333333,0.17192982456140352
raw_label_likelihood,calibration,0.8058931368339015,300,300,0,286,14,0.9533333333333334,0.8251748251748252,0.17482517482517482,50,0.16666666666666666,0.17482517482517482
raw_label_likelihood,calibration,0.8025159288934114,300,300,0,287,13,0.9566666666666667,0.8222996515679443,0.17770034843205576,51,0.17,0.17770034843205576
raw_label_likelihood,calibration,0.7771313568862985,300,300,0,288,12,0.96,0.8229166666666666,0.17708333333333334,51,0.17,0.17708333333333334
raw_label_likelihood,calibration,0.754820390672397,300,300,0,289,11,0.9633333333333334,0.8200692041522492,0.17993079584775087,52,0.17333333333333334,0.17993079584775087
raw_label_likelihood,calibration,0.7421981847729029,300,300,0,290,10,0.9666666666666667,0.8172413793103448,0.18275862068965518,53,0.17666666666666667,0.18275862068965518
raw_label_likelihood,calibration,0.7309920650282163,300,300,0,291,9,0.97,0.8144329896907216,0.18556701030927836,54,0.18,0.18556701030927836
raw_label_likelihood,calibration,0.7256197899334799,300,300,0,292,8,0.9733333333333334,0.8116438356164384,0.18835616438356165,55,0.18333333333333332,0.18835616438356165
raw_label_likelihood,calibration,0.7211044653289611,300,300,0,293,7,0.9766666666666667,0.8122866894197952,0.18771331058020477,55,0.18333333333333332,0.18771331058020477
raw_label_likelihood,calibration,0.5983654331879842,300,300,0,294,6,0.98,0.8095238095238095,0.19047619047619047,56,0.18666666666666668,0.19047619047619047
raw_label_likelihood,calibration,0.5680581818748421,300,300,0,295,5,0.9833333333333333,0.8067796610169492,0.19322033898305085,57,0.19,0.19322033898305085
raw_label_likelihood,calibration,0.5621722470267585,300,300,0,296,4,0.9866666666666667,0.8040540540540541,0.19594594594594594,58,0.19333333333333333,0.19594594594594594
raw_label_likelihood,calibration,0.5619955532019433,300,300,0,297,3,0.99,0.8013468013468014,0.19865319865319866,59,0.19666666666666666,0.19865319865319866
raw_label_likelihood,calibration,0.5405346879475277,300,300,0,298,2,0.9933333333333333,0.7986577181208053,0.20134228187919462,60,0.2,0.20134228187919462
raw_label_likelihood,calibration,0.5392780554769555,300,300,0,299,1,0.9966666666666667,0.7959866220735786,0.2040133779264214,61,0.20333333333333334,0.2040133779264214
raw_label_likelihood,calibration,0.49944446478098875,300,300,0,300,0,1.0,0.7966666666666666,0.20333333333333334,61,0.20333333333333334,0.20333333333333334
raw_label_likelihood,validation,1.0,100,100,0,63,37,0.63,0.9682539682539683,0.031746031746031744,2,0.02,0.031746031746031744
raw_label_likelihood,validation,0.9999998063873693,100,100,0,67,33,0.67,0.9701492537313433,0.029850746268656716,2,0.02,0.029850746268656716
raw_label_likelihood,validation,0.9999996871837232,100,100,0,68,32,0.68,0.9705882352941176,0.029411764705882353,2,0.02,0.029411764705882353
raw_label_likelihood,validation,0.9999995679801056,100,100,0,69,31,0.69,0.9710144927536232,0.028985507246376812,2,0.02,0.028985507246376812
raw_label_likelihood,validation,0.999999448776502,100,100,0,70,30,0.7,0.9714285714285714,0.02857142857142857,2,0.02,0.02857142857142857
raw_label_likelihood,validation,0.9999993295729128,100,100,0,71,29,0.71,0.971830985915493,0.028169014084507043,2,0.02,0.028169014084507043
raw_label_likelihood,validation,0.999997064707474,100,100,0,72,28,0.72,0.9722222222222222,0.027777777777777776,2,0.02,0.027777777777777776
raw_label_likelihood,validation,0.9999932502087602,100,100,0,73,27,0.73,0.9726027397260274,0.0273972602739726,2,0.02,0.0273972602739726
raw_label_likelihood,validation,0.9999545100305701,100,100,0,74,26,0.74,0.9594594594594594,0.04054054054054054,3,0.03,0.04054054054054054
raw_label_likelihood,validation,0.9999443782297815,100,100,0,75,25,0.75,0.96,0.04,3,0.03,0.04
raw_label_likelihood,validation,0.9999239957468543,100,100,0,76,24,0.76,0.9605263157894737,0.039473684210526314,3,0.03,0.039473684210526314
raw_label_likelihood,validation,0.9999203007211879,100,100,0,77,23,0.77,0.948051948051948,0.05194805194805195,4,0.04,0.05194805194805195
raw_label_likelihood,validation,0.9998597592469344,100,100,0,78,22,0.78,0.9358974358974359,0.0641025641025641,5,0.05,0.0641025641025641
raw_label_likelihood,validation,0.9998579714472587,100,100,0,80,20,0.8,0.925,0.075,6,0.06,0.075
raw_label_likelihood,validation,0.999841289108504,100,100,0,81,19,0.81,0.9259259259259259,0.07407407407407407,6,0.06,0.07407407407407407
raw_label_likelihood,validation,0.9997964803243284,100,100,0,82,18,0.82,0.9146341463414634,0.08536585365853659,7,0.07,0.08536585365853659
raw_label_likelihood,validation,0.9996766260271772,100,100,0,83,17,0.83,0.9036144578313253,0.0963855421686747,8,0.08,0.0963855421686747
raw_label_likelihood,validation,0.9996005117567388,100,100,0,84,16,0.84,0.8928571428571429,0.10714285714285714,9,0.09,0.10714285714285714
raw_label_likelihood,validation,0.9991809395021376,100,100,0,85,15,0.85,0.8941176470588236,0.10588235294117647,9,0.09,0.10588235294117647
raw_label_likelihood,validation,0.9990888326383259,100,100,0,86,14,0.86,0.8953488372093024,0.10465116279069768,9,0.09,0.10465116279069768
raw_label_likelihood,validation,0.9985695957594872,100,100,0,87,13,0.87,0.896551724137931,0.10344827586206896,9,0.09,0.10344827586206896
raw_label_likelihood,validation,0.998072988160571,100,100,0,88,12,0.88,0.8863636363636364,0.11363636363636363,10,0.1,0.11363636363636363
raw_label_likelihood,validation,0.9978665310433893,100,100,0,89,11,0.89,0.8764044943820225,0.12359550561797752,11,0.11,0.12359550561797752
raw_label_likelihood,validation,0.9958067109214287,100,100,0,90,10,0.9,0.8666666666666667,0.13333333333333333,12,0.12,0.13333333333333333
raw_label_likelihood,validation,0.9937978534947751,100,100,0,91,9,0.91,0.8571428571428571,0.14285714285714285,13,0.13,0.14285714285714285
raw_label_likelihood,validation,0.9791703344099318,100,100,0,92,8,0.92,0.8586956521739131,0.14130434782608695,13,0.13,0.14130434782608695
raw_label_likelihood,validation,0.8983711555622185,100,100,0,93,7,0.93,0.8494623655913979,0.15053763440860216,14,0.14,0.15053763440860216
raw_label_likelihood,validation,0.8175737973670583,100,100,0,94,6,0.94,0.8404255319148937,0.1595744680851064,15,0.15,0.1595744680851064
raw_label_likelihood,validation,0.81749379684073,100,100,0,95,5,0.95,0.8315789473684211,0.16842105263157894,16,0.16,0.16842105263157894
raw_label_likelihood,validation,0.7844296950126372,100,100,0,96,4,0.96,0.8229166666666666,0.17708333333333334,17,0.17,0.17708333333333334
raw_label_likelihood,validation,0.7103721641633709,100,100,0,97,3,0.97,0.8144329896907216,0.18556701030927836,18,0.18,0.18556701030927836
raw_label_likelihood,validation,0.6791290873622412,100,100,0,98,2,0.98,0.8061224489795918,0.19387755102040816,19,0.19,0.19387755102040816
raw_label_likelihood,validation,0.6786383324434777,100,100,0,99,1,0.99,0.8080808080808081,0.1919191919191919,19,0.19,0.1919191919191919
raw_label_likelihood,validation,0.6216771477290204,100,100,0,100,0,1.0,0.81,0.19,19,0.19,0.19
candidate_normalized,calibration,0.9999999999967584,300,110,190,1,299,0.0033333333333333335,1.0,0.0,0,0.0,0.0
candidate_normalized,calibration,0.9999999999632108,300,110,190,2,298,0.006666666666666667,1.0,0.0,0,0.0,0.0
candidate_normalized,calibration,0.9999999999588682,300,110,190,3,297,0.01,1.0,0.0,0,0.0,0.0
candidate_normalized,calibration,0.9999999997373306,300,110,190,4,296,0.013333333333333334,1.0,0.0,0,0.0,0.0
candidate_normalized,calibration,0.9999999994330928,300,110,190,5,295,0.016666666666666666,1.0,0.0,0,0.0,0.0
candidate_normalized,calibration,0.9999999992175166,300,110,190,6,294,0.02,1.0,0.0,0,0.0,0.0
candidate_normalized,calibration,0.9999999987606154,300,110,190,7,293,0.023333333333333334,1.0,0.0,0,0.0,0.0
candidate_normalized,calibration,0.9999999983080723,300,110,190,8,292,0.02666666666666667,1.0,0.0,0,0.0,0.0
candidate_normalized,calibration,0.9999999981300842,300,110,190,9,291,0.03,1.0,0.0,0,0.0,0.0
candidate_normalized,calibration,0.9999999980805667,300,110,190,10,290,0.03333333333333333,1.0,0.0,0,0.0,0.0
candidate_normalized,calibration,0.9999999979225724,300,110,190,11,289,0.03666666666666667,1.0,0.0,0,0.0,0.0
candidate_normalized,calibration,0.999999996643679,300,110,190,12,288,0.04,1.0,0.0,0,0.0,0.0
candidate_normalized,calibration,0.9999999965925539,300,110,190,13,287,0.043333333333333335,1.0,0.0,0,0.0,0.0
candidate_normalized,calibration,0.9999999965620092,300,110,190,14,286,0.04666666666666667,1.0,0.0,0,0.0,0.0
candidate_normalized,calibration,0.999999995240737,300,110,190,15,285,0.05,1.0,0.0,0,0.0,0.0
candidate_normalized,calibration,0.9999999950367235,300,110,190,16,284,0.05333333333333334,1.0,0.0,0,0.0,0.0
candidate_normalized,calibration,0.9999999949638936,300,110,190,17,283,0.056666666666666664,1.0,0.0,0,0.0,0.0
candidate_normalized,calibration,0.9999999949241036,300,110,190,18,282,0.06,1.0,0.0,0,0.0,0.0
candidate_normalized,calibration,0.9999999942230691,300,110,190,19,281,0.06333333333333334,1.0,0.0,0,0.0,0.0
candidate_normalized,calibration,0.9999999928207404,300,110,190,20,280,0.06666666666666667,1.0,0.0,0,0.0,0.0
candidate_normalized,calibration,0.999999991865839,300,110,190,21,279,0.07,1.0,0.0,0,0.0,0.0
candidate_normalized,calibration,0.9999999887794931,300,110,190,22,278,0.07333333333333333,1.0,0.0,0,0.0,0.0
candidate_normalized,calibration,0.9999999881279723,300,110,190,23,277,0.07666666666666666,1.0,0.0,0,0.0,0.0
candidate_normalized,calibration,0.9999999849204839,300,110,190,24,276,0.08,1.0,0.0,0,0.0,0.0
candidate_normalized,calibration,0.999999983322721,300,110,190,25,275,0.08333333333333333,1.0,0.0,0,0.0,0.0
candidate_normalized,calibration,0.9999999831600571,300,110,190,26,274,0.08666666666666667,1.0,0.0,0,0.0,0.0
candidate_normalized,calibration,0.9999999802323212,300,110,190,27,273,0.09,1.0,0.0,0,0.0,0.0
candidate_normalized,calibration,0.9999999777782778,300,110,190,28,272,0.09333333333333334,1.0,0.0,0,0.0,0.0
candidate_normalized,calibration,0.9999999707644123,300,110,190,29,271,0.09666666666666666,1.0,0.0,0,0.0,0.0
candidate_normalized,calibration,0.999999966232415,300,110,190,30,270,0.1,1.0,0.0,0,0.0,0.0
candidate_normalized,calibration,0.9999999629826231,300,110,190,31,269,0.10333333333333333,1.0,0.0,0,0.0,0.0
candidate_normalized,calibration,0.9999999595986563,300,110,190,32,268,0.10666666666666667,1.0,0.0,0,0.0,0.0
candidate_normalized,calibration,0.9999999589322962,300,110,190,33,267,0.11,1.0,0.0,0,0.0,0.0
candidate_normalized,calibration,0.9999998867186815,300,110,190,34,266,0.11333333333333333,1.0,0.0,0,0.0,0.0
candidate_normalized,calibration,0.9999998439447503,300,110,190,35,265,0.11666666666666667,1.0,0.0,0,0.0,0.0
candidate_normalized,calibration,0.9999997608696377,300,110,190,36,264,0.12,1.0,0.0,0,0.0,0.0
candidate_normalized,calibration,0.9999997587014515,300,110,190,37,263,0.12333333333333334,0.972972972972973,0.02702702702702703,1,0.0033333333333333335,0.02702702702702703
candidate_normalized,calibration,0.9999996938208366,300,110,190,38,262,0.12666666666666668,0.9736842105263158,0.02631578947368421,1,0.0033333333333333335,0.02631578947368421
candidate_normalized,calibration,0.999999668025407,300,110,190,39,261,0.13,0.9743589743589743,0.02564102564102564,1,0.0033333333333333335,0.02564102564102564
candidate_normalized,calibration,0.9999996066655279,300,110,190,40,260,0.13333333333333333,0.975,0.025,1,0.0033333333333333335,0.025
candidate_normalized,calibration,0.9999995486493681,300,110,190,41,259,0.13666666666666666,0.9512195121951219,0.04878048780487805,2,0.006666666666666667,0.04878048780487805
candidate_normalized,calibration,0.99999953053323,300,110,190,42,258,0.14,0.9523809523809523,0.047619047619047616,2,0.006666666666666667,0.047619047619047616
candidate_normalized,calibration,0.999999512258651,300,110,190,43,257,0.14333333333333334,0.9302325581395349,0.06976744186046512,3,0.01,0.06976744186046512
candidate_normalized,calibration,0.9999994955248288,300,110,190,44,256,0.14666666666666667,0.9318181818181818,0.06818181818181818,3,0.01,0.06818181818181818
candidate_normalized,calibration,0.999999419736494,300,110,190,45,255,0.15,0.9333333333333333,0.06666666666666667,3,0.01,0.06666666666666667
candidate_normalized,calibration,0.9999994041844642,300,110,190,46,254,0.15333333333333332,0.9347826086956522,0.06521739130434782,3,0.01,0.06521739130434782
candidate_normalized,calibration,0.9999993476951271,300,110,190,47,253,0.15666666666666668,0.9361702127659575,0.06382978723404255,3,0.01,0.06382978723404255
candidate_normalized,calibration,0.9999993386484021,300,110,190,48,252,0.16,0.9375,0.0625,3,0.01,0.0625
candidate_normalized,calibration,0.999999331375495,300,110,190,49,251,0.16333333333333333,0.9387755102040817,0.061224489795918366,3,0.01,0.061224489795918366
candidate_normalized,calibration,0.9999990960294927,300,110,190,50,250,0.16666666666666666,0.94,0.06,3,0.01,0.06
candidate_normalized,calibration,0.9999987859739333,300,110,190,51,249,0.17,0.9411764705882353,0.058823529411764705,3,0.01,0.058823529411764705
candidate_normalized,calibration,0.999998514231938,300,110,190,52,248,0.17333333333333334,0.9423076923076923,0.057692307692307696,3,0.01,0.057692307692307696
candidate_normalized,calibration,0.9999961893305018,300,110,190,53,247,0.17666666666666667,0.9245283018867925,0.07547169811320754,4,0.013333333333333334,0.07547169811320754
candidate_normalized,calibration,0.9999946664849255,300,110,190,54,246,0.18,0.9259259259259259,0.07407407407407407,4,0.013333333333333334,0.07407407407407407
candidate_normalized,calibration,0.9999925782364231,300,110,190,55,245,0.18333333333333332,0.9090909090909091,0.09090909090909091,5,0.016666666666666666,0.09090909090909091
candidate_normalized,calibration,0.9999924066409135,300,110,190,56,244,0.18666666666666668,0.9107142857142857,0.08928571428571429,5,0.016666666666666666,0.08928571428571429
candidate_normalized,calibration,0.9999921106071007,300,110,190,57,243,0.19,0.9122807017543859,0.08771929824561403,5,0.016666666666666666,0.08771929824561403
candidate_normalized,calibration,0.9999921095016933,300,110,190,58,242,0.19333333333333333,0.9137931034482759,0.08620689655172414,5,0.016666666666666666,0.08620689655172414
candidate_normalized,calibration,0.9999898364758184,300,110,190,59,241,0.19666666666666666,0.9152542372881356,0.0847457627118644,5,0.016666666666666666,0.0847457627118644
candidate_normalized,calibration,0.9999882834013446,300,110,190,60,240,0.2,0.9166666666666666,0.08333333333333333,5,0.016666666666666666,0.08333333333333333
candidate_normalized,calibration,0.9999876078637726,300,110,190,61,239,0.20333333333333334,0.9016393442622951,0.09836065573770492,6,0.02,0.09836065573770492
candidate_normalized,calibration,0.9999840199782924,300,110,190,62,238,0.20666666666666667,0.9032258064516129,0.0967741935483871,6,0.02,0.0967741935483871
candidate_normalized,calibration,0.9999816044907887,300,110,190,63,237,0.21,0.8888888888888888,0.1111111111111111,7,0.023333333333333334,0.1111111111111111
candidate_normalized,calibration,0.9999767439217517,300,110,190,64,236,0.21333333333333335,0.890625,0.109375,7,0.023333333333333334,0.109375
candidate_normalized,calibration,0.999974775387965,300,110,190,65,235,0.21666666666666667,0.8769230769230769,0.12307692307692308,8,0.02666666666666667,0.12307692307692308
candidate_normalized,calibration,0.9999646311518783,300,110,190,66,234,0.22,0.8787878787878788,0.12121212121212122,8,0.02666666666666667,0.12121212121212122
candidate_normalized,calibration,0.9999415174891447,300,110,190,67,233,0.22333333333333333,0.8805970149253731,0.11940298507462686,8,0.02666666666666667,0.11940298507462686
candidate_normalized,calibration,0.9999369478306397,300,110,190,68,232,0.22666666666666666,0.8823529411764706,0.11764705882352941,8,0.02666666666666667,0.11764705882352941
candidate_normalized,calibration,0.9999143687436604,300,110,190,69,231,0.23,0.8695652173913043,0.13043478260869565,9,0.03,0.13043478260869565
candidate_normalized,calibration,0.9998523436926405,300,110,190,70,230,0.23333333333333334,0.8714285714285714,0.12857142857142856,9,0.03,0.12857142857142856
candidate_normalized,calibration,0.9998372195789871,300,110,190,71,229,0.23666666666666666,0.8591549295774648,0.14084507042253522,10,0.03333333333333333,0.14084507042253522
candidate_normalized,calibration,0.999796259236579,300,110,190,72,228,0.24,0.8611111111111112,0.1388888888888889,10,0.03333333333333333,0.1388888888888889
candidate_normalized,calibration,0.9997614753124702,300,110,190,73,227,0.24333333333333335,0.8493150684931506,0.1506849315068493,11,0.03666666666666667,0.1506849315068493
candidate_normalized,calibration,0.9996029441208137,300,110,190,74,226,0.24666666666666667,0.8378378378378378,0.16216216216216217,12,0.04,0.16216216216216217
candidate_normalized,calibration,0.9995663113054313,300,110,190,75,225,0.25,0.8266666666666667,0.17333333333333334,13,0.043333333333333335,0.17333333333333334
candidate_normalized,calibration,0.9990886249605627,300,110,190,76,224,0.25333333333333335,0.8157894736842105,0.18421052631578946,14,0.04666666666666667,0.18421052631578946
candidate_normalized,calibration,0.9990839649477087,300,110,190,77,223,0.25666666666666665,0.8181818181818182,0.18181818181818182,14,0.04666666666666667,0.18181818181818182
candidate_normalized,calibration,0.998825817395288,300,110,190,78,222,0.26,0.8205128205128205,0.1794871794871795,14,0.04666666666666667,0.1794871794871795
candidate_normalized,calibration,0.9987482400017017,300,110,190,79,221,0.2633333333333333,0.8227848101265823,0.17721518987341772,14,0.04666666666666667,0.17721518987341772
candidate_normalized,calibration,0.9981308728709868,300,110,190,80,220,0.26666666666666666,0.8125,0.1875,15,0.05,0.1875
candidate_normalized,calibration,0.9980719424956375,300,110,190,81,219,0.27,0.8148148148148148,0.18518518518518517,15,0.05,0.18518518518518517
candidate_normalized,calibration,0.9975273729232892,300,110,190,82,218,0.2733333333333333,0.8170731707317073,0.18292682926829268,15,0.05,0.18292682926829268
candidate_normalized,calibration,0.9974645640894051,300,110,190,83,217,0.27666666666666667,0.8192771084337349,0.18072289156626506,15,0.05,0.18072289156626506
candidate_normalized,calibration,0.9941547705528077,300,110,190,84,216,0.28,0.8095238095238095,0.19047619047619047,16,0.05333333333333334,0.19047619047619047
candidate_normalized,calibration,0.9932478785603843,300,110,190,85,215,0.2833333333333333,0.8117647058823529,0.18823529411764706,16,0.05333333333333334,0.18823529411764706
candidate_normalized,calibration,0.9913354085230337,300,110,190,86,214,0.2866666666666667,0.8023255813953488,0.19767441860465115,17,0.056666666666666664,0.19767441860465115
candidate_normalized,calibration,0.9839095164113408,300,110,190,87,213,0.29,0.7931034482758621,0.20689655172413793,18,0.06,0.20689655172413793
candidate_normalized,calibration,0.9780862881381579,300,110,190,88,212,0.29333333333333333,0.7840909090909091,0.2159090909090909,19,0.06333333333333334,0.2159090909090909
candidate_normalized,calibration,0.9753305245986589,300,110,190,89,211,0.2966666666666667,0.7752808988764045,0.2247191011235955,20,0.06666666666666667,0.2247191011235955
candidate_normalized,calibration,0.973861399552502,300,110,190,90,210,0.3,0.7777777777777778,0.2222222222222222,20,0.06666666666666667,0.2222222222222222
candidate_normalized,calibration,0.9706875722717971,300,110,190,91,209,0.30333333333333334,0.7802197802197802,0.21978021978021978,20,0.06666666666666667,0.21978021978021978
candidate_normalized,calibration,0.9695043659592284,300,110,190,92,208,0.30666666666666664,0.7717391304347826,0.22826086956521738,21,0.07,0.22826086956521738
candidate_normalized,calibration,0.9274748977048985,300,110,190,93,207,0.31,0.7634408602150538,0.23655913978494625,22,0.07333333333333333,0.23655913978494625
candidate_normalized,calibration,0.9110018239195689,300,110,190,94,206,0.31333333333333335,0.7553191489361702,0.24468085106382978,23,0.07666666666666666,0.24468085106382978
candidate_normalized,calibration,0.9029613433317899,300,110,190,95,205,0.31666666666666665,0.7473684210526316,0.25263157894736843,24,0.08,0.25263157894736843
candidate_normalized,calibration,0.8815981640105632,300,110,190,96,204,0.32,0.7395833333333334,0.2604166666666667,25,0.08333333333333333,0.2604166666666667
candidate_normalized,calibration,0.877718084393205,300,110,190,97,203,0.3233333333333333,0.7319587628865979,0.26804123711340205,26,0.08666666666666667,0.26804123711340205
candidate_normalized,calibration,0.8058949473334028,300,110,190,98,202,0.32666666666666666,0.7244897959183674,0.2755102040816326,27,0.09,0.2755102040816326
candidate_normalized,calibration,0.8025172109801729,300,110,190,99,201,0.33,0.7171717171717171,0.2828282828282828,28,0.09333333333333334,0.2828282828282828
candidate_normalized,calibration,0.7771313779890462,300,110,190,100,200,0.3333333333333333,0.72,0.28,28,0.09333333333333334,0.28
candidate_normalized,calibration,0.7548205650576073,300,110,190,101,199,0.33666666666666667,0.7128712871287128,0.2871287128712871,29,0.09666666666666666,0.2871287128712871
candidate_normalized,calibration,0.7421998229331529,300,110,190,102,198,0.34,0.7058823529411765,0.29411764705882354,30,0.1,0.29411764705882354
candidate_normalized,calibration,0.7256205082435353,300,110,190,103,197,0.3433333333333333,0.6990291262135923,0.30097087378640774,31,0.10333333333333333,0.30097087378640774
candidate_normalized,calibration,0.7211045995782971,300,110,190,104,196,0.3466666666666667,0.7019230769230769,0.2980769230769231,31,0.10333333333333333,0.2980769230769231
candidate_normalized,calibration,0.59836556699046,300,110,190,105,195,0.35,0.6952380952380952,0.3047619047619048,32,0.10666666666666667,0.3047619047619048
candidate_normalized,calibration,0.5680601217517038,300,110,190,106,194,0.35333333333333333,0.6886792452830188,0.3113207547169811,33,0.11,0.3113207547169811
candidate_normalized,calibration,0.5621722661606068,300,110,190,107,193,0.3566666666666667,0.6822429906542056,0.3177570093457944,34,0.11333333333333333,0.3177570093457944
candidate_normalized,calibration,0.5619973132550231,300,110,190,108,192,0.36,0.6759259259259259,0.32407407407407407,35,0.11666666666666667,0.32407407407407407
candidate_normalized,calibration,0.5392808024923399,300,110,190,109,191,0.36333333333333334,0.6697247706422018,0.3302752293577982,36,0.12,0.3302752293577982
candidate_normalized,calibration,0.49944450483083397,300,110,190,110,190,0.36666666666666664,0.6727272727272727,0.32727272727272727,36,0.12,0.32727272727272727
candidate_normalized,validation,0.9999999997243458,100,32,68,1,99,0.01,1.0,0.0,0,0.0,0.0
candidate_normalized,validation,0.9999999972223057,100,32,68,2,98,0.02,1.0,0.0,0,0.0,0.0
candidate_normalized,validation,0.9999999963396922,100,32,68,3,97,0.03,1.0,0.0,0,0.0,0.0
candidate_normalized,validation,0.9999999948661287,100,32,68,4,96,0.04,1.0,0.0,0,0.0,0.0
candidate_normalized,validation,0.9999999948353231,100,32,68,5,95,0.05,1.0,0.0,0,0.0,0.0
candidate_normalized,validation,0.9999999946231248,100,32,68,6,94,0.06,1.0,0.0,0,0.0,0.0
candidate_normalized,validation,0.9999999923906214,100,32,68,7,93,0.07,1.0,0.0,0,0.0,0.0
candidate_normalized,validation,0.9999999551308552,100,32,68,8,92,0.08,1.0,0.0,0,0.0,0.0
candidate_normalized,validation,0.9999998974336367,100,32,68,9,91,0.09,1.0,0.0,0,0.0,0.0
candidate_normalized,validation,0.9999996522282643,100,32,68,10,90,0.1,1.0,0.0,0,0.0,0.0
candidate_normalized,validation,0.9999993947694609,100,32,68,11,89,0.11,1.0,0.0,0,0.0,0.0
candidate_normalized,validation,0.9999970962286859,100,32,68,12,88,0.12,1.0,0.0,0,0.0,0.0
candidate_normalized,validation,0.9999933658367642,100,32,68,13,87,0.13,1.0,0.0,0,0.0,0.0
candidate_normalized,validation,0.9999240699899463,100,32,68,14,86,0.14,1.0,0.0,0,0.0,0.0
candidate_normalized,validation,0.9999204142514722,100,32,68,15,85,0.15,0.9333333333333333,0.06666666666666667,1,0.01,0.06666666666666667
candidate_normalized,validation,0.9998598561853711,100,32,68,16,84,0.16,0.875,0.125,2,0.02,0.125
candidate_normalized,validation,0.999858059640701,100,32,68,17,83,0.17,0.8823529411764706,0.11764705882352941,2,0.02,0.11764705882352941
candidate_normalized,validation,0.9998579905832279,100,32,68,18,82,0.18,0.8333333333333334,0.16666666666666666,3,0.03,0.16666666666666666
candidate_normalized,validation,0.9996767398649548,100,32,68,19,81,0.19,0.7894736842105263,0.21052631578947367,4,0.04,0.21052631578947367
candidate_normalized,validation,0.9996006365085442,100,32,68,20,80,0.2,0.75,0.25,5,0.05,0.25
candidate_normalized,validation,0.9991810056072212,100,32,68,21,79,0.21,0.7619047619047619,0.23809523809523808,5,0.05,0.23809523809523808
candidate_normalized,validation,0.999088936220126,100,32,68,22,78,0.22,0.7727272727272727,0.22727272727272727,5,0.05,0.22727272727272727
candidate_normalized,validation,0.9985696282324974,100,32,68,23,77,0.23,0.782608695652174,0.21739130434782608,5,0.05,0.21739130434782608
candidate_normalized,validation,0.9978666827082421,100,32,68,24,76,0.24,0.75,0.25,6,0.06,0.25
candidate_normalized,validation,0.9958066400976928,100,32,68,25,75,0.25,0.72,0.28,7,0.07,0.28
candidate_normalized,validation,0.9937980344017595,100,32,68,26,74,0.26,0.6923076923076923,0.3076923076923077,8,0.08,0.3076923076923077
candidate_normalized,validation,0.9791707739780887,100,32,68,27,73,0.27,0.7037037037037037,0.2962962962962963,8,0.08,0.2962962962962963
candidate_normalized,validation,0.8174946604766534,100,32,68,28,72,0.28,0.6785714285714286,0.32142857142857145,9,0.09,0.32142857142857145
candidate_normalized,validation,0.7844298963795705,100,32,68,29,71,0.29,0.6551724137931034,0.3448275862068966,10,0.1,0.3448275862068966
candidate_normalized,validation,0.7103722462427191,100,32,68,30,70,0.3,0.6333333333333333,0.36666666666666664,11,0.11,0.36666666666666664
candidate_normalized,validation,0.6791290893191252,100,32,68,31,69,0.31,0.6129032258064516,0.3870967741935484,12,0.12,0.3870967741935484
candidate_normalized,validation,0.6786383552219506,100,32,68,32,68,0.32,0.625,0.375,12,0.12,0.375
candidate_margin,calibration,0.9999999999950997,300,110,190,1,299,0.0033333333333333335,1.0,0.0,0,0.0,0.0
candidate_margin,calibration,0.9999999999372646,300,110,190,2,298,0.006666666666666667,1.0,0.0,0,0.0,0.0
candidate_margin,calibration,0.9999999999211169,300,110,190,3,297,0.01,1.0,0.0,0,0.0,0.0
candidate_margin,calibration,0.9999999994911609,300,110,190,4,296,0.013333333333333334,1.0,0.0,0,0.0,0.0
candidate_margin,calibration,0.9999999991170047,300,110,190,5,295,0.016666666666666666,1.0,0.0,0,0.0,0.0
candidate_margin,calibration,0.9999999984592606,300,110,190,6,294,0.02,1.0,0.0,0,0.0,0.0
candidate_margin,calibration,0.9999999979013987,300,110,190,7,293,0.023333333333333334,1.0,0.0,0,0.0,0.0
candidate_margin,calibration,0.9999999968914635,300,110,190,8,292,0.02666666666666667,1.0,0.0,0,0.0,0.0
candidate_margin,calibration,0.9999999968304139,300,110,190,9,291,0.03,1.0,0.0,0,0.0,0.0
candidate_margin,calibration,0.9999999965248562,300,110,190,10,290,0.03333333333333333,1.0,0.0,0,0.0,0.0
candidate_margin,calibration,0.9999999958614189,300,110,190,11,289,0.03666666666666667,1.0,0.0,0,0.0,0.0
candidate_margin,calibration,0.9999999936447181,300,110,190,12,288,0.04,1.0,0.0,0,0.0,0.0
candidate_margin,calibration,0.9999999931942861,300,110,190,13,287,0.043333333333333335,1.0,0.0,0,0.0,0.0
candidate_margin,calibration,0.9999999931637414,300,110,190,14,286,0.04666666666666667,1.0,0.0,0,0.0,0.0
candidate_margin,calibration,0.9999999922417763,300,110,190,15,285,0.05,1.0,0.0,0,0.0,0.0
candidate_margin,calibration,0.9999999911859816,300,110,190,16,284,0.05333333333333334,1.0,0.0,0,0.0,0.0
candidate_margin,calibration,0.9999999911131516,300,110,190,17,283,0.056666666666666664,1.0,0.0,0,0.0,0.0
candidate_margin,calibration,0.9999999899796531,300,110,190,18,282,0.06,1.0,0.0,0,0.0,0.0
candidate_margin,calibration,0.9999999886202726,300,110,190,19,281,0.06333333333333334,1.0,0.0,0,0.0,0.0
candidate_margin,calibration,0.9999999864719403,300,110,190,20,280,0.06666666666666667,1.0,0.0,0,0.0,0.0
candidate_margin,calibration,0.9999999862630427,300,110,190,21,279,0.07,1.0,0.0,0,0.0,0.0
candidate_margin,calibration,0.9999999815853602,300,110,190,22,278,0.07333333333333333,1.0,0.0,0,0.0,0.0
candidate_margin,calibration,0.9999999762668523,300,110,190,23,277,0.07666666666666666,1.0,0.0,0,0.0,0.0
candidate_margin,calibration,0.9999999756830344,300,110,190,24,276,0.08,1.0,0.0,0,0.0,0.0
candidate_margin,calibration,0.9999999712989366,300,110,190,25,275,0.08333333333333333,1.0,0.0,0,0.0,0.0
candidate_margin,calibration,0.9999999680927416,300,110,190,26,274,0.08666666666666667,1.0,0.0,0,0.0,0.0
candidate_margin,calibration,0.9999999650023418,300,110,190,27,273,0.09,1.0,0.0,0,0.0,0.0
candidate_margin,calibration,0.9999999556187885,300,110,190,28,272,0.09333333333333334,1.0,0.0,0,0.0,0.0
candidate_margin,calibration,0.9999999456544215,300,110,190,29,271,0.09666666666666666,1.0,0.0,0,0.0,0.0
candidate_margin,calibration,0.999999941674469,300,110,190,30,270,0.1,1.0,0.0,0,0.0,0.0
candidate_margin,calibration,0.9999999411224245,300,110,190,31,269,0.10333333333333333,1.0,0.0,0,0.0,0.0
candidate_margin,calibration,0.9999999344886671,300,110,190,32,268,0.10666666666666667,1.0,0.0,0,0.0,0.0
candidate_margin,calibration,0.9999999307407569,300,110,190,33,267,0.11,1.0,0.0,0,0.0,0.0
candidate_margin,calibration,0.9999997874067303,300,110,190,34,266,0.11333333333333333,1.0,0.0,0,0.0,0.0
candidate_margin,calibration,0.999999775688716,300,110,190,35,265,0.11666666666666667,1.0,0.0,0,0.0,0.0
candidate_margin,calibration,0.999999522632654,300,110,190,36,264,0.12,1.0,0.0,0,0.0,0.0
candidate_margin,calibration,0.999999520464468,300,110,190,37,263,0.12333333333333334,0.972972972972973,0.02702702702702703,1,0.0033333333333333335,0.02702702702702703
candidate_margin,calibration,0.9999994297886672,300,110,190,38,262,0.12666666666666668,0.9736842105263158,0.02631578947368421,1,0.0033333333333333335,0.02631578947368421
candidate_margin,calibration,0.9999993879184776,300,110,190,39,261,0.13,0.9743589743589743,0.02564102564102564,1,0.0033333333333333335,0.02564102564102564
candidate_margin,calibration,0.9999992138791582,300,110,190,40,260,0.13333333333333333,0.975,0.025,1,0.0033333333333333335,0.025
candidate_margin,calibration,0.9999992020169254,300,110,190,41,259,0.13666666666666666,0.9512195121951219,0.04878048780487805,2,0.006666666666666667,0.04878048780487805
candidate_margin,calibration,0.999999137747218,300,110,190,42,258,0.14,0.9523809523809523,0.047619047619047616,2,0.006666666666666667,0.047619047619047616
candidate_margin,calibration,0.9999991194725895,300,110,190,43,257,0.14333333333333334,0.9302325581395349,0.06976744186046512,3,0.01,0.06976744186046512
candidate_margin,calibration,0.9999990269504786,300,110,190,44,256,0.14666666666666667,0.9318181818181818,0.06818181818181818,3,0.01,0.06818181818181818
candidate_margin,calibration,0.9999989911776237,300,110,190,45,255,0.15,0.9333333333333333,0.06666666666666667,3,0.01,0.06666666666666667
candidate_margin,calibration,0.9999988998372451,300,110,190,46,254,0.15333333333333332,0.9347826086956522,0.06521739130434782,3,0.01,0.06521739130434782
candidate_margin,calibration,0.9999987001005154,300,110,190,47,253,0.15666666666666668,0.9361702127659575,0.06382978723404255,3,0.01,0.06382978723404255
candidate_margin,calibration,0.9999986910537191,300,110,190,48,252,0.16,0.9375,0.0625,3,0.01,0.0625
candidate_margin,calibration,0.9999986837808167,300,110,190,49,251,0.16333333333333333,0.9387755102040817,0.061224489795918366,3,0.01,0.061224489795918366
candidate_margin,calibration,0.9999982645014636,300,110,190,50,250,0.16666666666666666,0.94,0.06,3,0.01,0.06
candidate_margin,calibration,0.9999975761078838,300,110,190,51,249,0.17,0.9411764705882353,0.058823529411764705,3,0.01,0.058823529411764705
candidate_margin,calibration,0.9999971432752771,300,110,190,52,248,0.17333333333333334,0.9423076923076923,0.057692307692307696,3,0.01,0.057692307692307696
candidate_margin,calibration,0.9999924626912705,300,110,190,53,247,0.17666666666666667,0.9245283018867925,0.07547169811320754,4,0.013333333333333334,0.07547169811320754
candidate_margin,calibration,0.9999898813949828,300,110,190,54,246,0.18,0.9259259259259259,0.07407407407407407,4,0.013333333333333334,0.07407407407407407
candidate_margin,calibration,0.9999864340702063,300,110,190,55,245,0.18333333333333332,0.9090909090909091,0.09090909090909091,5,0.016666666666666666,0.09090909090909091
candidate_margin,calibration,0.9999862624747673,300,110,190,56,244,0.18666666666666668,0.9107142857142857,0.08928571428571429,5,0.016666666666666666,0.08928571428571429
candidate_margin,calibration,0.9999842213420516,300,110,190,57,243,0.19,0.9122807017543859,0.08771929824561403,5,0.016666666666666666,0.08771929824561403
candidate_margin,calibration,0.9999842202366549,300,110,190,58,242,0.19333333333333333,0.9137931034482759,0.08620689655172414,5,0.016666666666666666,0.08620689655172414
candidate_margin,calibration,0.9999797064880519,300,110,190,59,241,0.19666666666666666,0.9152542372881356,0.0847457627118644,5,0.016666666666666666,0.0847457627118644
candidate_margin,calibration,0.999978153423277,300,110,190,60,240,0.2,0.9166666666666666,0.08333333333333333,5,0.016666666666666666,0.08333333333333333
candidate_margin,calibration,0.9999774778951033,300,110,190,61,239,0.20333333333333334,0.9016393442622951,0.09836065573770492,6,0.02,0.09836065573770492
candidate_margin,calibration,0.9999710128906484,300,110,190,62,238,0.20666666666666667,0.9032258064516129,0.0967741935483871,6,0.02,0.0967741935483871
candidate_margin,calibration,0.9999701257986554,300,110,190,63,237,0.21,0.8888888888888888,0.1111111111111111,7,0.023333333333333334,0.1111111111111111
candidate_margin,calibration,0.9999552990029331,300,110,190,64,236,0.21333333333333335,0.890625,0.109375,7,0.023333333333333334,0.109375
candidate_margin,calibration,0.9999533305281224,300,110,190,65,235,0.21666666666666667,0.8769230769230769,0.12307692307692308,8,0.02666666666666667,0.12307692307692308
candidate_margin,calibration,0.9999292748948042,300,110,190,66,234,0.22,0.8787878787878788,0.12121212121212122,8,0.02666666666666667,0.12121212121212122
candidate_margin,calibration,0.9999015925524433,300,110,190,67,233,0.22333333333333333,0.8805970149253731,0.11940298507462686,8,0.02666666666666667,0.11940298507462686
candidate_margin,calibration,0.9998832262165815,300,110,190,68,232,0.22666666666666666,0.8823529411764706,0.11764705882352941,8,0.02666666666666667,0.11764705882352941
candidate_margin,calibration,0.9998560790827509,300,110,190,69,231,0.23,0.8695652173913043,0.13043478260869565,9,0.03,0.13043478260869565
candidate_margin,calibration,0.9997857831107463,300,110,190,70,230,0.23333333333333334,0.8571428571428571,0.14285714285714285,10,0.03333333333333333,0.14285714285714285
candidate_margin,calibration,0.9997289521181776,300,110,190,71,229,0.23666666666666666,0.8591549295774648,0.14084507042253522,10,0.03333333333333333,0.14084507042253522
candidate_margin,calibration,0.999592832385108,300,110,190,72,228,0.24,0.8611111111111112,0.1388888888888889,10,0.03333333333333333,0.1388888888888889
candidate_margin,calibration,0.9995580554419238,300,110,190,73,227,0.24333333333333335,0.8493150684931506,0.1506849315068493,11,0.03666666666666667,0.1506849315068493
candidate_margin,calibration,0.9994631579613159,300,110,190,74,226,0.24666666666666667,0.8378378378378378,0.16216216216216217,12,0.04,0.16216216216216217
candidate_margin,calibration,0.9992309942012907,300,110,190,75,225,0.25,0.8266666666666667,0.17333333333333334,13,0.043333333333333335,0.17333333333333334
candidate_margin,calibration,0.9981775739599813,300,110,190,76,224,0.25333333333333335,0.8157894736842105,0.18421052631578946,14,0.04666666666666667,0.18421052631578946
candidate_margin,calibration,0.9981729182097056,300,110,190,77,223,0.25666666666666665,0.8181818181818182,0.18181818181818182,14,0.04666666666666667,0.18181818181818182
candidate_margin,calibration,0.9979150062052552,300,110,190,78,222,0.26,0.8205128205128205,0.1794871794871795,14,0.04666666666666667,0.1794871794871795
candidate_margin,calibration,0.9978374995192988,300,110,190,79,221,0.2633333333333333,0.8227848101265823,0.17721518987341772,14,0.04666666666666667,0.17721518987341772
candidate_margin,calibration,0.9968065726719232,300,110,190,80,220,0.26666666666666666,0.8125,0.1875,15,0.05,0.1875
candidate_margin,calibration,0.9961452100320383,300,110,190,81,219,0.27,0.8148148148148148,0.18518518518518517,15,0.05,0.18518518518518517
candidate_margin,calibration,0.9957652636299108,300,110,190,82,218,0.2733333333333333,0.8170731707317073,0.18292682926829268,15,0.05,0.18292682926829268
candidate_margin,calibration,0.9950547499731266,300,110,190,83,217,0.27666666666666667,0.8192771084337349,0.18072289156626506,15,0.05,0.18072289156626506
candidate_margin,calibration,0.9905692895857476,300,110,190,84,216,0.28,0.8095238095238095,0.19047619047619047,16,0.05333333333333334,0.19047619047619047
candidate_margin,calibration,0.9865554259964998,300,110,190,85,215,0.2833333333333333,0.8117647058823529,0.18823529411764706,16,0.05333333333333334,0.18823529411764706
candidate_margin,calibration,0.9861333565716692,300,110,190,86,214,0.2866666666666667,0.8023255813953488,0.19767441860465115,17,0.056666666666666664,0.19767441860465115
candidate_margin,calibration,0.9742636039868169,300,110,190,87,213,0.29,0.7931034482758621,0.20689655172413793,18,0.06,0.20689655172413793
candidate_margin,calibration,0.9668922644549024,300,110,190,88,212,0.29333333333333333,0.7840909090909091,0.2159090909090909,19,0.06333333333333334,0.2159090909090909
candidate_margin,calibration,0.9601720158488468,300,110,190,89,211,0.2966666666666667,0.7752808988764045,0.2247191011235955,20,0.06666666666666667,0.2247191011235955
candidate_margin,calibration,0.9599700112296689,300,110,190,90,210,0.3,0.7777777777777778,0.2222222222222222,20,0.06666666666666667,0.2222222222222222
candidate_margin,calibration,0.9467038096394873,300,110,190,91,209,0.30333333333333334,0.7692307692307693,0.23076923076923078,21,0.07,0.23076923076923078
candidate_margin,calibration,0.9413753472029576,300,110,190,92,208,0.30666666666666664,0.7717391304347826,0.22826086956521738,21,0.07,0.22826086956521738
candidate_margin,calibration,0.8751503194161082,300,110,190,93,207,0.31,0.7634408602150538,0.23655913978494625,22,0.07333333333333333,0.23655913978494625
candidate_margin,calibration,0.8596066107937279,300,110,190,94,206,0.31333333333333335,0.7553191489361702,0.24468085106382978,23,0.07666666666666666,0.24468085106382978
candidate_margin,calibration,0.8288417667659708,300,110,190,95,205,0.31666666666666665,0.7473684210526316,0.25263157894736843,24,0.08,0.25263157894736843
candidate_margin,calibration,0.7763062846773497,300,110,190,96,204,0.32,0.7395833333333334,0.2604166666666667,25,0.08333333333333333,0.2604166666666667
candidate_margin,calibration,0.7589318477226347,300,110,190,97,203,0.3233333333333333,0.7319587628865979,0.26804123711340205,26,0.08666666666666667,0.26804123711340205
candidate_margin,calibration,0.6968289257125583,300,110,190,98,202,0.32666666666666666,0.7244897959183674,0.2755102040816326,27,0.09,0.2755102040816326
candidate_margin,calibration,0.623451409336772,300,110,190,99,201,0.33,0.7171717171717171,0.2828282828282828,28,0.09333333333333334,0.2828282828282828
candidate_margin,calibration,0.6061875952224524,300,110,190,100,200,0.3333333333333333,0.71,0.29,29,0.09666666666666666,0.29
candidate_margin,calibration,0.554479510432476,300,110,190,101,199,0.33666666666666667,0.7128712871287128,0.2871287128712871,29,0.09666666666666666,0.2871287128712871
candidate_margin,calibration,0.5421549150457882,300,110,190,102,198,0.34,0.7058823529411765,0.29411764705882354,30,0.1,0.29411764705882354
candidate_margin,calibration,0.501242844862372,300,110,190,103,197,0.3433333333333333,0.6990291262135923,0.30097087378640774,31,0.10333333333333333,0.30097087378640774
candidate_margin,calibration,0.45582505166553405,300,110,190,104,196,0.3466666666666667,0.7019230769230769,0.2980769230769231,31,0.10333333333333333,0.2980769230769231
candidate_margin,calibration,0.36420199082010585,300,110,190,105,195,0.35,0.6952380952380952,0.3047619047619048,32,0.10666666666666667,0.3047619047619048
candidate_margin,calibration,0.23543854245807366,300,110,190,106,194,0.35333333333333333,0.6886792452830188,0.3113207547169811,33,0.11,0.3113207547169811
candidate_margin,calibration,0.1776386310030601,300,110,190,107,193,0.3566666666666667,0.6822429906542056,0.3177570093457944,34,0.11333333333333333,0.3177570093457944
candidate_margin,calibration,0.12435206555860989,300,110,190,108,192,0.36,0.6759259259259259,0.32407407407407407,35,0.11666666666666667,0.32407407407407407
candidate_margin,calibration,0.1243133652457531,300,110,190,109,191,0.36333333333333334,0.6697247706422018,0.3302752293577982,36,0.12,0.3302752293577982
candidate_margin,calibration,3.963087635838747e-10,300,110,190,110,190,0.36666666666666664,0.6727272727272727,0.32727272727272727,36,0.12,0.32727272727272727
candidate_margin,validation,0.9999999995750364,100,32,68,1,99,0.01,1.0,0.0,0,0.0,0.0
candidate_margin,validation,0.9999999945757321,100,32,68,2,98,0.02,1.0,0.0,0,0.0,0.0
candidate_margin,validation,0.9999999929414244,100,32,68,3,97,0.03,1.0,0.0,0,0.0,0.0
candidate_margin,validation,0.999999991224857,100,32,68,4,96,0.04,1.0,0.0,0,0.0,0.0
candidate_margin,validation,0.9999999899216782,100,32,68,5,95,0.05,1.0,0.0,0,0.0,0.0
candidate_margin,validation,0.9999999898908726,100,32,68,6,94,0.06,1.0,0.0,0,0.0,0.0
candidate_margin,validation,0.9999999851964885,100,32,68,7,93,0.07,1.0,0.0,0,0.0,0.0
candidate_margin,validation,0.9999999378730283,100,32,68,8,92,0.08,1.0,0.0,0,0.0,0.0
candidate_margin,validation,0.9999997981216846,100,32,68,9,91,0.09,1.0,0.0,0,0.0,0.0
candidate_margin,validation,0.9999993055954945,100,32,68,10,90,0.1,1.0,0.0,0,0.0,0.0
candidate_margin,validation,0.9999990019834554,100,32,68,11,89,0.11,1.0,0.0,0,0.0,0.0
candidate_margin,validation,0.9999941939164898,100,32,68,12,88,0.12,1.0,0.0,0,0.0,0.0
candidate_margin,validation,0.9999879436239659,100,32,68,13,87,0.13,1.0,0.0,0,0.0,0.0
candidate_margin,validation,0.9998543630291269,100,32,68,14,86,0.14,0.9285714285714286,0.07142857142857142,1,0.01,0.07142857142857142
candidate_margin,validation,0.9998492238650376,100,32,68,15,85,0.15,0.9333333333333333,0.06666666666666667,1,0.01,0.06666666666666667
candidate_margin,validation,0.9997619616365518,100,32,68,16,84,0.16,0.9375,0.0625,1,0.01,0.0625
candidate_margin,validation,0.9997618925850614,100,32,68,17,83,0.17,0.8823529411764706,0.11764705882352941,2,0.02,0.11764705882352941
candidate_margin,validation,0.9997509626764585,100,32,68,18,82,0.18,0.8333333333333334,0.16666666666666666,3,0.03,0.16666666666666666
candidate_margin,validation,0.9994422384816803,100,32,68,19,81,0.19,0.7894736842105263,0.21052631578947367,4,0.04,0.21052631578947367
candidate_margin,validation,0.9994155656857417,100,32,68,20,80,0.2,0.75,0.25,5,0.05,0.25
candidate_margin,validation,0.9986283741066158,100,32,68,21,79,0.21,0.7619047619047619,0.23809523809523808,5,0.05,0.23809523809523808
candidate_margin,validation,0.9981778851549045,100,32,68,22,78,0.22,0.7727272727272727,0.22727272727272727,5,0.05,0.22727272727272727
candidate_margin,validation,0.9976590506344696,100,32,68,23,77,0.23,0.782608695652174,0.21739130434782608,5,0.05,0.21739130434782608
candidate_margin,validation,0.9963664509537984,100,32,68,24,76,0.24,0.75,0.25,6,0.06,0.25
candidate_margin,validation,0.9917370039878282,100,32,68,25,75,0.25,0.72,0.28,7,0.07,0.28
candidate_margin,validation,0.9885830606415762,100,32,68,26,74,0.26,0.6923076923076923,0.3076923076923077,8,0.08,0.3076923076923077
candidate_margin,validation,0.965203652581954,100,32,68,27,73,0.27,0.7037037037037037,0.2962962962962963,8,0.08,0.2962962962962963
candidate_margin,validation,0.6350869486526076,100,32,68,28,72,0.28,0.6785714285714286,0.32142857142857145,9,0.09,0.32142857142857145
candidate_margin,validation,0.586094944276059,100,32,68,29,71,0.29,0.6551724137931034,0.3448275862068966,10,0.1,0.3448275862068966
candidate_margin,validation,0.4490409045354334,100,32,68,30,70,0.3,0.6333333333333333,0.36666666666666664,11,0.11,0.36666666666666664
candidate_margin,validation,0.35833121948075275,100,32,68,31,69,0.31,0.6129032258064516,0.3870967741935484,12,0.12,0.3870967741935484
candidate_margin,validation,0.35807229459527234,100,32,68,32,68,0.32,0.625,0.375,12,0.12,0.375
