cohort,condition,threshold,total_trials,score_available_trials,score_unavailable_trials,autonomous_decisions,deferred_decisions,autonomous_coverage,autonomous_accuracy,selective_risk,false_autonomous_acceptance_count,false_autonomous_acceptance_rate_all_trials,false_autonomous_acceptance_rate_autonomous
additional_states,label_only,1.0,100,100,0,65,35,0.65,0.9230769230769231,0.07692307692307693,5,0.05,0.07692307692307693
additional_states,label_only,0.9999998063873693,100,100,0,75,25,0.75,0.9333333333333333,0.06666666666666667,5,0.05,0.06666666666666667
additional_states,label_only,0.9999996871837232,100,100,0,81,19,0.81,0.9135802469135802,0.08641975308641975,7,0.07,0.08641975308641975
additional_states,label_only,0.9999995679801056,100,100,0,82,18,0.82,0.9146341463414634,0.08536585365853659,7,0.07,0.08536585365853659
additional_states,label_only,0.999999448776502,100,100,0,84,16,0.84,0.9166666666666666,0.08333333333333333,7,0.07,0.08333333333333333
additional_states,label_only,0.9999993295729128,100,100,0,85,15,0.85,0.9176470588235294,0.08235294117647059,7,0.07,0.08235294117647059
additional_states,label_only,0.9999987335551229,100,100,0,86,14,0.86,0.9186046511627907,0.08139534883720931,7,0.07,0.08139534883720931
additional_states,label_only,0.9999974223173038,100,100,0,87,13,0.87,0.9195402298850575,0.08045977011494253,7,0.07,0.08045977011494253
additional_states,label_only,0.9999944422379315,100,100,0,88,12,0.88,0.9090909090909091,0.09090909090909091,8,0.08,0.09090909090909091
additional_states,label_only,0.9999832372181827,100,100,0,89,11,0.89,0.898876404494382,0.10112359550561797,9,0.09,0.10112359550561797
additional_states,label_only,0.9999545100305701,100,100,0,90,10,0.9,0.9,0.1,9,0.09,0.1
additional_states,label_only,0.9996986644778745,100,100,0,91,9,0.91,0.8901098901098901,0.10989010989010989,10,0.1,0.10989010989010989
additional_states,label_only,0.9994703412904241,100,100,0,92,8,0.92,0.8804347826086957,0.11956521739130435,11,0.11,0.11956521739130435
additional_states,label_only,0.9987995393411512,100,100,0,93,7,0.93,0.8817204301075269,0.11827956989247312,11,0.11,0.11827956989247312
additional_states,label_only,0.9984987679933719,100,100,0,94,6,0.94,0.8723404255319149,0.1276595744680851,12,0.12,0.1276595744680851
additional_states,label_only,0.9975274032511579,100,100,0,95,5,0.95,0.8631578947368421,0.1368421052631579,13,0.13,0.1368421052631579
additional_states,label_only,0.9975182728864525,100,100,0,96,4,0.96,0.8645833333333334,0.13541666666666666,13,0.13,0.13541666666666666
additional_states,label_only,0.996768933183916,100,100,0,97,3,0.97,0.865979381443299,0.13402061855670103,13,0.13,0.13402061855670103
additional_states,label_only,0.9698038746272593,100,100,0,98,2,0.98,0.8673469387755102,0.1326530612244898,13,0.13,0.1326530612244898
additional_states,label_only,0.9525726998385136,100,100,0,99,1,0.99,0.8585858585858586,0.1414141414141414,14,0.14,0.1414141414141414
additional_states,label_only,0.6384734695161306,100,100,0,100,0,1.0,0.86,0.14,14,0.14,0.14
additional_states,label_then_evidence,1.0,100,100,0,68,32,0.68,0.9705882352941176,0.029411764705882353,2,0.02,0.029411764705882353
additional_states,label_then_evidence,0.9999998063873693,100,100,0,70,30,0.7,0.9714285714285714,0.02857142857142857,2,0.02,0.02857142857142857
additional_states,label_then_evidence,0.9999996871837232,100,100,0,73,27,0.73,0.958904109589041,0.0410958904109589,3,0.03,0.0410958904109589
additional_states,label_then_evidence,0.9999995679801056,100,100,0,74,26,0.74,0.9594594594594594,0.04054054054054054,3,0.03,0.04054054054054054
additional_states,label_then_evidence,0.999999448776502,100,100,0,75,25,0.75,0.9466666666666667,0.05333333333333334,4,0.04,0.05333333333333334
additional_states,label_then_evidence,0.9999988527586979,100,100,0,76,24,0.76,0.9473684210526315,0.05263157894736842,4,0.04,0.05263157894736842
additional_states,label_then_evidence,0.999998137537802,100,100,0,77,23,0.77,0.948051948051948,0.05194805194805195,4,0.04,0.05194805194805195
additional_states,label_then_evidence,0.9999980183344259,100,100,0,78,22,0.78,0.9487179487179487,0.05128205128205128,4,0.04,0.05128205128205128
additional_states,label_then_evidence,0.999997064707474,100,100,0,79,21,0.79,0.9493670886075949,0.05063291139240506,4,0.04,0.05063291139240506
additional_states,label_then_evidence,0.9999897933314713,100,100,0,80,20,0.8,0.95,0.05,4,0.04,0.05
additional_states,label_then_evidence,0.9999770387510999,100,100,0,81,19,0.81,0.9506172839506173,0.04938271604938271,4,0.04,0.04938271604938271
additional_states,label_then_evidence,0.9999038520641101,100,100,0,82,18,0.82,0.9390243902439024,0.06097560975609756,5,0.05,0.06097560975609756
additional_states,label_then_evidence,0.9998909793854133,100,100,0,83,17,0.83,0.9397590361445783,0.060240963855421686,5,0.05,0.060240963855421686
additional_states,label_then_evidence,0.9997795606600332,100,100,0,84,16,0.84,0.9404761904761905,0.05952380952380952,5,0.05,0.05952380952380952
additional_states,label_then_evidence,0.9996972344566767,100,100,0,85,15,0.85,0.9411764705882353,0.058823529411764705,5,0.05,0.058823529411764705
additional_states,label_then_evidence,0.99966459043674,100,100,0,86,14,0.86,0.9418604651162791,0.05813953488372093,5,0.05,0.05813953488372093
additional_states,label_then_evidence,0.9995647765505681,100,100,0,87,13,0.87,0.9310344827586207,0.06896551724137931,6,0.06,0.06896551724137931
additional_states,label_then_evidence,0.9975274032511579,100,100,0,88,12,0.88,0.9318181818181818,0.06818181818181818,6,0.06,0.06818181818181818
additional_states,label_then_evidence,0.9934685218541628,100,100,0,89,11,0.89,0.9213483146067416,0.07865168539325842,7,0.07,0.07865168539325842
additional_states,label_then_evidence,0.9839060437740345,100,100,0,90,10,0.9,0.9111111111111111,0.08888888888888889,8,0.08,0.08888888888888889
additional_states,label_then_evidence,0.9808074988666632,100,100,0,91,9,0.91,0.9010989010989011,0.0989010989010989,9,0.09,0.0989010989010989
additional_states,label_then_evidence,0.9731362031783409,100,100,0,92,8,0.92,0.9021739130434783,0.09782608695652174,9,0.09,0.09782608695652174
additional_states,label_then_evidence,0.9492250603272814,100,100,0,93,7,0.93,0.9032258064516129,0.0967741935483871,9,0.09,0.0967741935483871
additional_states,label_then_evidence,0.9399116796753325,100,100,0,94,6,0.94,0.8936170212765957,0.10638297872340426,10,0.1,0.10638297872340426
additional_states,label_then_evidence,0.9341307649391867,100,100,0,95,5,0.95,0.8947368421052632,0.10526315789473684,10,0.1,0.10526315789473684
additional_states,label_then_evidence,0.8654411373220887,100,100,0,96,4,0.96,0.8958333333333334,0.10416666666666667,10,0.1,0.10416666666666667
additional_states,label_then_evidence,0.8516139578145572,100,100,0,97,3,0.97,0.8969072164948454,0.10309278350515463,10,0.1,0.10309278350515463
additional_states,label_then_evidence,0.7945043207104379,100,100,0,98,2,0.98,0.8979591836734694,0.10204081632653061,10,0.1,0.10204081632653061
additional_states,label_then_evidence,0.6234615786952638,100,100,0,99,1,0.99,0.8888888888888888,0.1111111111111111,11,0.11,0.1111111111111111
additional_states,label_then_evidence,0.4563314701779981,100,100,0,100,0,1.0,0.88,0.12,12,0.12,0.12
additional_objects,label_only,1.0,12,12,0,9,3,0.75,1.0,0.0,0,0.0,0.0
additional_objects,label_only,0.9999995679801056,12,12,0,10,2,0.8333333333333334,1.0,0.0,0,0.0,0.0
additional_objects,label_only,0.9999920581810099,12,12,0,11,1,0.9166666666666666,1.0,0.0,0,0.0,0.0
additional_objects,label_only,0.9980728690648153,12,12,0,12,0,1.0,1.0,0.0,0,0.0,0.0
additional_objects,label_then_evidence,1.0,12,12,0,9,3,0.75,1.0,0.0,0,0.0,0.0
additional_objects,label_then_evidence,0.9999998063873693,12,12,0,10,2,0.8333333333333334,1.0,0.0,0,0.0,0.0
additional_objects,label_then_evidence,0.999999091165777,12,12,0,11,1,0.9166666666666666,1.0,0.0,0,0.0,0.0
additional_objects,label_then_evidence,0.9992903233093213,12,12,0,12,0,1.0,1.0,0.0,0,0.0,0.0
pooled,label_only,1.0,112,112,0,74,38,0.6607142857142857,0.9324324324324325,0.06756756756756757,5,0.044642857142857144,0.06756756756756757
pooled,label_only,0.9999998063873693,112,112,0,84,28,0.75,0.9404761904761905,0.05952380952380952,5,0.044642857142857144,0.05952380952380952
pooled,label_only,0.9999996871837232,112,112,0,90,22,0.8035714285714286,0.9222222222222223,0.07777777777777778,7,0.0625,0.07777777777777778
pooled,label_only,0.9999995679801056,112,112,0,92,20,0.8214285714285714,0.9239130434782609,0.07608695652173914,7,0.0625,0.07608695652173914
pooled,label_only,0.999999448776502,112,112,0,94,18,0.8392857142857143,0.925531914893617,0.07446808510638298,7,0.0625,0.07446808510638298
pooled,label_only,0.9999993295729128,112,112,0,95,17,0.8482142857142857,0.9263157894736842,0.07368421052631578,7,0.0625,0.07368421052631578
pooled,label_only,0.9999987335551229,112,112,0,96,16,0.8571428571428571,0.9270833333333334,0.07291666666666667,7,0.0625,0.07291666666666667
pooled,label_only,0.9999974223173038,112,112,0,97,15,0.8660714285714286,0.9278350515463918,0.07216494845360824,7,0.0625,0.07216494845360824
pooled,label_only,0.9999944422379315,112,112,0,98,14,0.875,0.9183673469387755,0.08163265306122448,8,0.07142857142857142,0.08163265306122448
pooled,label_only,0.9999920581810099,112,112,0,99,13,0.8839285714285714,0.9191919191919192,0.08080808080808081,8,0.07142857142857142,0.08080808080808081
pooled,label_only,0.9999832372181827,112,112,0,100,12,0.8928571428571429,0.91,0.09,9,0.08035714285714286,0.09
pooled,label_only,0.9999545100305701,112,112,0,101,11,0.9017857142857143,0.9108910891089109,0.0891089108910891,9,0.08035714285714286,0.0891089108910891
pooled,label_only,0.9996986644778745,112,112,0,102,10,0.9107142857142857,0.9019607843137255,0.09803921568627451,10,0.08928571428571429,0.09803921568627451
pooled,label_only,0.9994703412904241,112,112,0,103,9,0.9196428571428571,0.8932038834951457,0.10679611650485436,11,0.09821428571428571,0.10679611650485436
pooled,label_only,0.9987995393411512,112,112,0,104,8,0.9285714285714286,0.8942307692307693,0.10576923076923077,11,0.09821428571428571,0.10576923076923077
pooled,label_only,0.9984987679933719,112,112,0,105,7,0.9375,0.8857142857142857,0.11428571428571428,12,0.10714285714285714,0.11428571428571428
pooled,label_only,0.9980728690648153,112,112,0,106,6,0.9464285714285714,0.8867924528301887,0.11320754716981132,12,0.10714285714285714,0.11320754716981132
pooled,label_only,0.9975274032511579,112,112,0,107,5,0.9553571428571429,0.8785046728971962,0.12149532710280374,13,0.11607142857142858,0.12149532710280374
pooled,label_only,0.9975182728864525,112,112,0,108,4,0.9642857142857143,0.8796296296296297,0.12037037037037036,13,0.11607142857142858,0.12037037037037036
pooled,label_only,0.996768933183916,112,112,0,109,3,0.9732142857142857,0.8807339449541285,0.11926605504587157,13,0.11607142857142858,0.11926605504587157
pooled,label_only,0.9698038746272593,112,112,0,110,2,0.9821428571428571,0.8818181818181818,0.11818181818181818,13,0.11607142857142858,0.11818181818181818
pooled,label_only,0.9525726998385136,112,112,0,111,1,0.9910714285714286,0.8738738738738738,0.12612612612612611,14,0.125,0.12612612612612611
pooled,label_only,0.6384734695161306,112,112,0,112,0,1.0,0.875,0.125,14,0.125,0.125
pooled,label_then_evidence,1.0,112,112,0,77,35,0.6875,0.974025974025974,0.025974025974025976,2,0.017857142857142856,0.025974025974025976
pooled,label_then_evidence,0.9999998063873693,112,112,0,80,32,0.7142857142857143,0.975,0.025,2,0.017857142857142856,0.025
pooled,label_then_evidence,0.9999996871837232,112,112,0,83,29,0.7410714285714286,0.963855421686747,0.03614457831325301,3,0.026785714285714284,0.03614457831325301
pooled,label_then_evidence,0.9999995679801056,112,112,0,84,28,0.75,0.9642857142857143,0.03571428571428571,3,0.026785714285714284,0.03571428571428571
pooled,label_then_evidence,0.999999448776502,112,112,0,85,27,0.7589285714285714,0.9529411764705882,0.047058823529411764,4,0.03571428571428571,0.047058823529411764
pooled,label_then_evidence,0.999999091165777,112,112,0,86,26,0.7678571428571429,0.9534883720930233,0.046511627906976744,4,0.03571428571428571,0.046511627906976744
pooled,label_then_evidence,0.9999988527586979,112,112,0,87,25,0.7767857142857143,0.9540229885057471,0.04597701149425287,4,0.03571428571428571,0.04597701149425287
pooled,label_then_evidence,0.999998137537802,112,112,0,88,24,0.7857142857142857,0.9545454545454546,0.045454545454545456,4,0.03571428571428571,0.045454545454545456
pooled,label_then_evidence,0.9999980183344259,112,112,0,89,23,0.7946428571428571,0.9550561797752809,0.0449438202247191,4,0.03571428571428571,0.0449438202247191
pooled,label_then_evidence,0.999997064707474,112,112,0,90,22,0.8035714285714286,0.9555555555555556,0.044444444444444446,4,0.03571428571428571,0.044444444444444446
pooled,label_then_evidence,0.9999897933314713,112,112,0,91,21,0.8125,0.9560439560439561,0.04395604395604396,4,0.03571428571428571,0.04395604395604396
pooled,label_then_evidence,0.9999770387510999,112,112,0,92,20,0.8214285714285714,0.9565217391304348,0.043478260869565216,4,0.03571428571428571,0.043478260869565216
pooled,label_then_evidence,0.9999038520641101,112,112,0,93,19,0.8303571428571429,0.946236559139785,0.053763440860215055,5,0.044642857142857144,0.053763440860215055
pooled,label_then_evidence,0.9998909793854133,112,112,0,94,18,0.8392857142857143,0.9468085106382979,0.05319148936170213,5,0.044642857142857144,0.05319148936170213
pooled,label_then_evidence,0.9997795606600332,112,112,0,95,17,0.8482142857142857,0.9473684210526315,0.05263157894736842,5,0.044642857142857144,0.05263157894736842
pooled,label_then_evidence,0.9996972344566767,112,112,0,96,16,0.8571428571428571,0.9479166666666666,0.052083333333333336,5,0.044642857142857144,0.052083333333333336
pooled,label_then_evidence,0.99966459043674,112,112,0,97,15,0.8660714285714286,0.9484536082474226,0.05154639175257732,5,0.044642857142857144,0.05154639175257732
pooled,label_then_evidence,0.9995647765505681,112,112,0,98,14,0.875,0.9387755102040817,0.061224489795918366,6,0.05357142857142857,0.061224489795918366
pooled,label_then_evidence,0.9992903233093213,112,112,0,99,13,0.8839285714285714,0.9393939393939394,0.06060606060606061,6,0.05357142857142857,0.06060606060606061
pooled,label_then_evidence,0.9975274032511579,112,112,0,100,12,0.8928571428571429,0.94,0.06,6,0.05357142857142857,0.06
pooled,label_then_evidence,0.9934685218541628,112,112,0,101,11,0.9017857142857143,0.9306930693069307,0.06930693069306931,7,0.0625,0.06930693069306931
pooled,label_then_evidence,0.9839060437740345,112,112,0,102,10,0.9107142857142857,0.9215686274509803,0.0784313725490196,8,0.07142857142857142,0.0784313725490196
pooled,label_then_evidence,0.9808074988666632,112,112,0,103,9,0.9196428571428571,0.912621359223301,0.08737864077669903,9,0.08035714285714286,0.08737864077669903
pooled,label_then_evidence,0.9731362031783409,112,112,0,104,8,0.9285714285714286,0.9134615384615384,0.08653846153846154,9,0.08035714285714286,0.08653846153846154
pooled,label_then_evidence,0.9492250603272814,112,112,0,105,7,0.9375,0.9142857142857143,0.08571428571428572,9,0.08035714285714286,0.08571428571428572
pooled,label_then_evidence,0.9399116796753325,112,112,0,106,6,0.9464285714285714,0.9056603773584906,0.09433962264150944,10,0.08928571428571429,0.09433962264150944
pooled,label_then_evidence,0.9341307649391867,112,112,0,107,5,0.9553571428571429,0.9065420560747663,0.09345794392523364,10,0.08928571428571429,0.09345794392523364
pooled,label_then_evidence,0.8654411373220887,112,112,0,108,4,0.9642857142857143,0.9074074074074074,0.09259259259259259,10,0.08928571428571429,0.09259259259259259
pooled,label_then_evidence,0.8516139578145572,112,112,0,109,3,0.9732142857142857,0.908256880733945,0.09174311926605505,10,0.08928571428571429,0.09174311926605505
pooled,label_then_evidence,0.7945043207104379,112,112,0,110,2,0.9821428571428571,0.9090909090909091,0.09090909090909091,10,0.08928571428571429,0.09090909090909091
pooled,label_then_evidence,0.6234615786952638,112,112,0,111,1,0.9910714285714286,0.9009009009009009,0.0990990990990991,11,0.09821428571428571,0.0990990990990991
pooled,label_then_evidence,0.4563314701779981,112,112,0,112,0,1.0,0.8928571428571429,0.10714285714285714,12,0.10714285714285714,0.10714285714285714
